Title,Author,Poem,PoemAnalysis,PoemGoogleCounts
国风·周南·关雎,屈原,"
关关雎鸠，在河之洲。窈窕淑女，君子好逑。
参差荇菜，左右流之。窈窕淑女，寤寐求之。
求之不得，寤寐思服。悠哉悠哉，辗转反侧。
参差荇菜，左右采之。窈窕淑女，琴瑟友之。
参差荇菜，左右芼之。窈窕淑女，钟鼓乐之。
","古人对《关雎》的评价很高，认为它的声、情、文、义都很好，保持了古代诗歌淳朴、自然的风格，因此将它列为《诗经》的第一篇。
《关雎》是一首男女之间的言情之作，描写了一位男子对女子的追求。很多学者认为，《关雎》同时也表现了当时人们的婚姻观。司马迁的《史记》里说：“……夫妻之际，人道之大伦也。”《汉书》里说：“孔子论诗，以《关雎》为始。……此纲纪之首，王教之端也。”尽管这些评论听上去与《关雎》的内容并无关联，但都是由《关雎》引起的。
这首诗主要采用了有“寄托深远，能产生文已尽而意有余”的效果的兴寄表现手法，主要是以雎鸠的“挚而有别”兴淑女应该配君子，以荇菜的“流动无方”兴淑女的难于难求，以荇菜的“既得而采之”、“既得而笔之”兴淑女“既得而友之”、“既得而乐之”等。
理解这首诗，应当从诗义和乐调两方面入手。从诗义方面看，它反映的是民俗，所写的男女爱情是作为民俗反映出来的。据说，古人有在仲春之月会合男女的习俗，《关雎》反映的也许就是这一段史实，表现了古代青年男女之间的爱情。从乐调方面看，为了合于乐调，全诗形成了重章叠句的特点。众所周知，凡是有生气的诗篇，往往都很重视声调的和谐，可以当做歌曲唱出来。由此看来，《关雎》就是这样一首“既诗也歌”的诗歌。",494000
国风·周南·桃夭,屈原,"
桃之夭夭，灼灼其华。之子于归，宜其室家。
桃之夭夭，有蕡其实。之子于归，宜其家室。
桃之夭夭，其叶蓁蓁。之子于归，宜其家人。
","《桃夭》是《诗经·国风》里众多有关婚嫁礼俗的诗歌中最有名的一篇，主要表达了对新婚女子的美好祝愿。
既然是祝贺女子出嫁的诗篇，那么就应该适合在婚礼上演唱，因此，《桃夭》采用了民歌的复沓形式，全篇反复表达的都是对新娘的祝愿，体现了古代人民淳朴、健康的心理和对美好生活的追求。
再看具体内容。桃之夭夭表现的是初春时分初生的桃树枝叶随风摇曳的情景，用灼灼形容桃花，不仅衬托出了桃花的浓艳，也衬托出了桃花的繁茂和勃勃生机。如果说“桃之夭夭”描写的是桃花，那么“有蕡其实”描写的就是果实了。“有蕡其实”不仅表现了果实的丰硕圆润，而且也体现出了果实的色彩，读到这里，读者都似乎能闻到它的香味了。",1430000
国风·邶风·静女,屈原,"
静女其姝，俟我于城隅。爱而不见，搔首踟蹰。
静女其娈，贻我彤管。彤管有炜，说怿女美。
自牧归荑，洵美且异。匪女之为美，美人之贻。
","这首诗描写的是一对青年男女幽会的情景，整篇诗充满着愉快幽默的情趣。全诗以男子的口吻写出，生动地描绘了他们约会的过程，先写男子去赴约，后写女子向男子赠物来表达爱情。
这首诗把男女相会时天真活泼的情景描写得逼真而生动。先是女方故意调皮，躲起来不让男方看见，结果害得男方心急如焚、担惊受怕，还以为女方失约。接着，女方又郑重其事地给男方赠送礼物，借以试探他的情意。而男方则通过“彤管有炜，说怿女美”和“洵美且异，美人之贻”的话，巧妙地向女方表达了自己的感情。
这首诗虽然只有短短的三章十二句，但生动地描绘出了情人幽会时的有趣场面、人物心理和细微感情，甚至还刻画出了男女双方的性格。在思想内容上，这首诗健康向上；在艺术成就上，语言简练、构思巧妙，人物刻画生动逼真，堪称两千多年前的一首佳作。",92000
小雅·采薇,屈原,"
采薇采薇，薇亦作止。
曰归曰归，岁亦莫止。靡室靡家，猃狁之故。
不遑启居，猃狁之故。

采薇采薇，薇亦柔止。
曰归曰归，心亦忧止。忧心烈烈，载饥载渴。
我戍未定，靡使归聘。

采薇采薇，薇亦刚止。
曰归曰归，岁亦阳止。王室靡盬，不遑启处。
忧心孔疚，我行不来。

彼尔维何？维常之华。
彼路斯何？君子之车。戎车既驾，四牡业业。
岂敢定居，一月三捷。

驾彼四牡，四牡骙骙。
君子所依，小人所腓。四牡翼翼，象弭鱼服。
岂不日戒，猃狁孔棘！

昔我往矣，杨柳依依。
今我来思，雨雪霏霏。行道迟迟，载渴载饥。
我心伤悲，莫知我哀！","《采薇》是《诗经·小雅》中的名篇，全诗共分六章，每章八句，描写的是守卫边疆的战士的生活。在题材上，《采薇》堪称是边塞诗的鼻祖。数千年来，这首诗之所以能赢得读者的喜爱，根本原因就在于它在艺术上取得的成功，即创造出了许多千古传诵的佳句。
这首诗在写景方面的一个最大特点就是“以哀景写乐”，这样做既能增强哀乐的对比度，又能增强艺术效果。根据哲学的说法，事物总是充满两面性的，体现在这首诗里，就是没有苦就没有乐。一位驻守边疆的战士终于可以离开军营，回家与家人团圆了。然而，就在他欢天喜地地踏上归程时，却没有想到前面有很多苦难正等着他。在回家的路上，他遇上了雨雪霏霏的坏天气，忍受着饥饿与寒冷的折磨，最后终于到家了。",1090000
二湘（《湘君》、《湘夫人》）,屈原,"君不行兮夷犹，蹇谁留兮中洲？
美要眇兮宜修，沛吾乘兮桂舟。
令沅湘兮无波，使江水兮安流！
望夫君兮未来，吹参差兮谁思？
驾飞龙兮北征，邅吾道兮洞庭。
薛荔柏兮蕙绸，荪桡兮兰旌。
望涔阳兮极浦，横大江兮扬灵。
扬灵兮未极，女婵媛兮为余太息。
横流涕兮潺湲，隐思君兮陫侧。
桂櫂兮兰枻，斫冰兮积雪。
采薛荔兮水中，搴芙蓉兮木末。
心不同兮媒劳，恩不甚兮轻绝。
石濑兮浅浅，飞龙兮翩翩。
交不忠兮怨长，期不信兮告余以不闲。
朝骋骛兮江皋，夕弭节兮北渚。
鸟次兮屋上，水周兮堂下。
捐余玦兮江中，遗余佩兮醴浦。
采芳洲兮杜若，将以遗兮下女。
时不可兮再得，聊逍遥兮容与。

帝子降兮北渚，目眇眇兮愁予。
嫋嫋兮秋风，洞庭波兮木叶下。
登白兮骋望，与佳期兮夕张。
鸟何萃兮中，罾何为兮木上？
沅有茝兮醴有兰，思公子兮未敢言。
荒忽兮远望，观流水兮潺湲。
麋何食兮庭中？蛟何为兮水裔？
朝驰余马兮江皋，夕济兮西澨。
闻佳人兮召余，将腾驾兮偕逝。
筑室兮水中，葺之兮荷盖。
荪壁兮紫坛，播芳椒兮成堂。
桂栋兮兰橑，辛夷楣兮药房。
罔薛荔兮为帷，擗蕙櫋兮既张。
白玉兮为镇，疏石兰兮为芳。
芷葺兮荷屋，缭之兮杜衡。
合百草兮实庭，建芳馨兮庑门。
九嶷缤兮并迎，灵之来兮如云。
捐余袂兮江中，遗余褋兮醴浦。
搴汀洲兮杜若，将以遗兮远者。
时不可兮骤得，聊逍遥兮容与。","《湘君》与《湘夫人》合称“二湘”，是《九歌》中最优美、最抒情的诗篇之一。一般认为，湘君和湘夫人是一对湘水配偶神，《湘君》是女神的唱词，表达了对湘君的思念；《湘夫人》则是男神的唱词，表达了对湘夫人的思念。但从内容上看，它其实只是描写湘夫人一个人的活动和思绪的诗篇，有人据此认为，《湘君》与《湘夫人》本来应该是一篇，后来分为两篇。
第一篇里主要描写了湘夫人对湘君的思念与追寻，以及寻而不得的失望与哀怨；第二章主要描写了湘夫人久久等待湘君，但湘君却迟迟不来，湘夫人心生焦虑和幻想的情景。在第一篇里，湘夫人经过一天的追寻，终于到了北渚。第二篇又继续写了她到了北渚之后，渴望与湘君相会的心情。全诗通过对湘夫人爱情心理虚实交替的描写，成功地塑造了一个苦苦追求爱情的女子形象。纵观全诗，读者能领略到一个动人的爱情悲剧。
尽管湘夫人苦苦追求的爱情迟迟没有来，而且她的爱人始终没有出现，可是她真的放弃和释怀了吗？在极端失望之中，她毅然把十分珍惜的定情之物扔到了江中，以表自己决绝之心，又把香花赠予侍女。看上去，她已经放弃和释怀了，但实际上，也许思念永留她心中。
这是一首写湘水女神的祭歌，由巫师扮作男神湘君来独唱。全篇表达出湘君对湘夫人的思念，以及惆怅、迷惘的心情。大致可分为三部分。
第一部分首先写湘君迟迟未至，湘夫人直迎寻至北渚相见。开篇四句有上佳的写景语句，勾勒出一幅幅清秋的意象：秋风轻拂，洞庭湖水荡漾起微波，枯黄的树叶凋零飘落，站立在水边的主人公正纵目远望。寥寥数语，写出了时节和环境，营造出一种萧瑟凄凉的氛围。其实，这只是湘君在幻觉中感受到的所爱之人的举动，反衬出湘君见不到所爱之人的惆怅和凄婉。
推想自己的爱人在等候，深秋却带来了凉意，可想感情上自己有多寂寞！诗人起笔描摹景致于虚无缥缈之中，让身在其中的人真可谓神情欲活，如此寓情于景，融情景为一，密合无间，让人有无尽遐想。接着，写湘君的失意和落寞。与佳人相期有约，却迟迟不见所爱之人，湘君无法遏抑急切的心情登高远望，热切盼她的到来。望眼欲穿，最后期望化为失望，钟情受到了冷落。此时，只有潺湲的水声还在流动，热念中的人却不知身在何处。于是，意念中出现了颠倒错乱的景象，这一切都说明湘夫人的爽约让湘君是多么苦痛。而当仿佛听到“佳人”的召唤时，湘君重振精神，驾车赶至约会的地点。从后面的文字来看，这一切并非真实的，只不过出现在一个痴情者的幻觉之中，即所谓的“因痴生幻，以幻为真”。
第二部分写湘君和湘夫人见面之后对新居的美好构想。诗人驰骋想象，把理想住所的蓝图和特有的审美趣味传达出来。这些构想象征着主人公的正直、纯洁和美善，表达出对真挚爱情的珍视。湘君还想象到了湘夫人降临时的热闹场面，宾至如云，烘托出他对幸福生活的向往之情。同样，这也是以虚幻之景表达无比炽烈之情。
第三部分写湘君之情的“反复”。幻，终究还是幻，当梦幻碰到坚硬的现实时，主人公的失望加剧，于是自然而然有决绝之词。但回想自己与湘夫人的爱情毕竟是纯真的、坚贞的，即以杜若赠予远居的爱人。
全篇都在描写此恨绵绵、生死契阔的男女之情。极富浪漫主义的想象和比兴手法，让作品显得深婉细致，读来令人不禁为之唏嘘感慨。",5510
山鬼,屈原,"若有人兮山之阿，被薛荔兮带女萝。
既含睇兮又宜笑，子慕予兮善窈窕。
乘赤豹兮从文狸，辛夷车兮结桂旗。
被石兰兮带杜衡，折芳馨兮遗所思。
余处幽篁兮终不见天，路险难兮独后来。
表独立兮山之上，云容容兮而在下。
杳冥冥兮羌昼晦，东风飘兮神灵雨。
留灵修兮憺忘归，岁既晏兮孰华予？
采三秀兮于山间，石磊磊兮葛蔓蔓。
怨公子兮怅忘归，君思我兮不得闲。
山中人兮芳杜若，饮石泉兮荫松柏。
君思我兮然疑作。
雷填填兮雨冥冥，猨啾啾兮狖夜鸣。
风飒飒兮木萧萧，思公子兮徒离忧。
","山鬼，即山神，按照郭沫若先生的说法，这里的山鬼，即宋玉《高唐赋》中所写的巫山神女。
本诗介于抒情诗与叙事诗之间，描述了神女的爱情故事，情节清晰、场景生动。主要内容是写女神去赴约会，然而对方并没有如约出现，女神伤心失望，感到无限的痛苦。心理描写非常细腻，我们会不由自主地忘记她作为山神的身份，而把她当做一个多情而柔美的凡间女子。
当然，这个爱情故事，有一个独特的背景和氛围。女神出场，如同大自然的精灵，薛荔为衣，女萝为带，浑身散发着山间的灵秀之气，美丽而清澈。赤豹为驾，文狸随后，香车桂旗，又在华美之中充溢着威严。总的看来，女神的形象，是秀美、华贵、威严的混合体，在大自然的背景中，是超凡脱俗的，也可以说是“惊艳”的。而若隐若现、飘忽迷离的感觉，又平添了几分神秘感。
不过，“含睇”、“宜笑”等句，将这个神秘的女子拉回了凡间。她也像凡间女子一样，对爱情充满憧憬。女神很自信，她幸福地设想，如果意中人此刻看到自己，那会是怎样的爱慕啊！
然而，情人并未准时赴约，女神于是登山远眺。“表独立兮山之上，云容容兮而在下”二句，描绘了感人至深的场面：女神站在山顶，望着情人可能来的路。脚下，是茫茫的云海。在苍茫广阔的背景下，女神的身影显得孤单而执著。
等了很久，情人仍然没有到来。天气越来越坏了，浓云密布，阴雨如晦。这几句既是写景，同时也是写情。“岁既晏兮孰华予”，既是说时光流逝，天色已暗，同时也表达了女神对于青春难驻的感慨。如此令人惊艳的美人，突发迟暮之感，是多么让人为之感伤啊！
“君思我兮不得闲”，是为对方开脱。但这种自我安慰，最终还是无法平复失恋的痛苦。按照清代学者陈本礼的说法，此句“既怨之，复谅之，状鬼之声情独绝”，一片痴心呼之欲出。
不少学者认为，这首诗跟屈原的大多数作品一样，实际上是借男女之情来比喻君臣之义。这个观点应该是不太恰当的。诗中所写，无论是自然景色，还是女神的感情描写，都具有浓重的尘世气息和深切的真情实感，我们从中看不到“言在此而意在彼”的痕迹。",142000
哀郢,屈原,"
皇天之不纯命兮，何百姓之震愆？
民离散而相失兮，方仲春而东迁。
去故乡而就远兮，遵江夏以流亡。
出国门而轸怀兮，甲之朝吾以行。
发郢都而去闾兮，怊荒忽兮焉极？
楫齐扬以容与兮，哀见君而不再得。
望长楸而太息兮，涕淫淫其若霰。
过夏首而西浮兮，顾龙门而不见。
心婵媛而伤怀兮，眇不知其所蹠。
顺风波以从流兮，焉洋洋而为客。
凌阳侯之汜滥兮，忽翱翔之焉薄？
心结而不解兮，思蹇产而不释。
将运舟而下浮兮，上洞庭而下江。
去终古之所居兮，今逍遥而来东。
羌灵魂之欲归兮，何须臾而忘反。
背夏浦而西思兮，哀故都之日远。
登大坟以远望兮，聊以舒吾忧心。
哀州土之平乐兮，悲江介之遗风。
当陵阳之焉至兮，淼南渡之焉如？
曾不知夏之为丘兮，孰两东门之可芜？
心不怡之长久兮，忧与愁其相接。
唯郢路之辽远兮，江与夏之不可涉。
忽若不信兮，至今九年而不复。
惨郁郁而不通兮，蹇侘傺而含戚。
外承欢之汋约兮，谌荏弱而难持。
忠湛湛而愿进兮，妒被离而鄣之。
尧舜之抗行兮，瞭杳杳而薄天。
众谗人之嫉妒兮，被以不慈之伪名。
憎愠惀之修美兮，好夫人之忼慨。
众踥蹀而日进兮，美超远而逾迈。
乱曰：曼余目以流观兮，冀一反之何时？
鸟飞反故乡兮，狐死必首丘。
信非吾罪而弃逐兮，何日夜而忘之？","要读懂这首诗，必须了解该诗的历史背景。
楚顷襄王二十一年（公元前278年），秦将白起攻克楚国的郢都。顷襄王仓皇迁都东逃，郢都百姓为避战祸而四散逃亡，原本繁盛的都城一片慌乱。面对此情此景，屈原写下了这篇哀歌。“哀郢”，即哀悼郢都之沦亡，表达了国破家亡的悲哀，以及对楚国统治者的不满。
全诗紧扣“哀”字展开，表达感情的方式非常丰富，淋漓尽致，撕心裂肺。倒数第二句“鸟飞反故乡兮，狐死必首丘”，更是千古绝唱的名句，感情到了这里已经无以复加，诗人至死不忘故都的深挚感情深入肺腑。
全诗布局，先是细致描述郢都被破的场景，着重表达对于百姓四散逃亡的哀恸；其次，讲述撤离故都的心情，随着一步步的远离，对于故土的怀念之情越来越深；最后，从激荡的感情中回复过来，历数致使生灵涂炭的误国小人，并对自己身遭陷害而愤愤不平。明代黄文焕评论道：“通篇分三段，开章至‘东来’，言出国门之愁；‘灵魂’至‘含戚’，言回思之愁；‘承欢’至‘冀反’，痛恨党人被其生离之愁；末乃以求得归死为结局，眸开不得见故乡，目瞑尚及返故土。”
《楚辞评林》认为，《哀郢》是《九章》中最为凄婉的一首，“读之实一字一泪”。的确，有哪种悲哀，比得上国破家亡呢？而屈原作为曾经的当权者之一，未能关照黎民、呵护百姓，当他看到扶老携幼的难民，他怎能不悲痛欲绝？百姓犯了什么错，为什么要让他们无辜遭受如此灾祸？“方仲春而东迁”，春天到了，正是百姓安居乐业的季节。可是，突然间大祸临头了，一国之君仓皇逃离，黎民百姓妻离子散。
诗人随着逃难的人群远离故都。恍恍惚惚中，已经望不见故乡的影子。何处才是终点呢，哪里才是归宿？“望长楸”、“顾龙门”，表现了故土难离的依恋，正所谓一步一回头。愈行愈远，相思愈重。“登大坟以远望兮，聊以舒吾忧心”，依恋、无奈之情无以言说。
全诗的最后一部分，从“哀郢”的情绪中跳出，反思并揭示国破家亡的根源。小人的谄媚误国，君主的糊涂，忠臣的无以施展，都在诗人愤懑强烈的控诉中表达出来。这在屈原的诗中，是一个常见的主题。",4550
垓下歌,项羽,"力拔山兮气盖世。
时不利兮骓不逝。
骓不逝兮可奈何！
虞兮虞兮奈若何！",根据《史记·项羽本纪》的记载，项羽及其败军被刘邦的大军重重包围在垓下。当时，项羽只有少量的伤病残兵，更重要的是已经没有粮食了。在汉军的数重包围下，突围已是不可能，等待他们的只有死路一条。就在这天夜里，四面的汉军大营里响起了楚地的民歌，项羽听到这些歌声，以为汉军已经占领了全部的楚地，更加焦急和沮丧。将士们听到楚歌，纷纷思念家乡，更无战心。项羽唯一依赖的军心也丢了。项羽心神不宁，便一个人坐在军帐内喝酒。项羽望着侍立在身旁的虞姬，又望了望远处的坐骑，不禁悲从中来，即兴作了这首被后人称为“垓下歌”的诗。这短短四句诗，既体现出了项羽以往的所向无敌和英雄气概，又表达了英雄末路的悲哀，读来十分感人。,520000
大风歌,刘邦,"大风起兮云飞扬，
威加海内兮归故乡。
安得猛士兮守四方！","这是为数不多的几首刘邦的诗里最著名的一首，后人给予了很高的评价。宋代的朱熹认为，几千年来，在皇帝所作的诗里，《大风歌》是最壮丽奇伟的一首。另外还有许多人在读了《大风歌》之后，都评论刘邦是真英主、真帝王和真英雄。
《大风歌》主要运用了比兴的手法。在第一句中，刘邦以“风”比喻他自己，以“云”比喻自己手下的文臣武将，表现了刘邦崛起时所向披靡的气势。在第二句中，“威加四海”这四个字表现出刘邦认为，他取得天下其实是水到渠成的事。
相比于前两句，在第三句中，刘邦才透露了一丝忧愁之气：我虽然取得了天下，可是怎么才能得到替我守卫天下的猛将呢？的确如此，当时，帮刘邦打天下的韩信、彭越等大将已被诛杀，黥布也刚刚被他剿灭，手下已经是没有既放心又能干的大将了。刘邦自己也老了，太子又懦弱无能，而朝中意欲谋反的人还有不少，这怎么能不使他担忧和感叹呢？",114000
上邪,曹操,"上邪！
我欲与君相知，长命无绝衰。
山无陵，江水为竭。冬雷震震，
夏雨雪，天地合。乃敢与君绝！",这首诗以呼喊老天爷开始，通篇全是女子对爱人说的话，表达了女子对爱人坚贞不渝的爱情。从具体内容上看，女子先是从正面表明了心思，然后又从反面说明自己不可能“与君绝”的原因，读来令人动容、动情。“山无陵，天地合，乃敢与君绝！”也成了现代男女之间表达心意的常用语。,171000
江南,曹操,"江南可采莲，莲叶何田田。鱼戏莲叶间，
鱼戏莲叶东，鱼戏莲叶西，鱼戏莲叶南，鱼戏莲叶北。",《江南》这首诗描写了江南的劳动人民采莲时的欢乐心情。奇妙的是，作者并没有直接描述这种心情，而是通过描绘水上生机盎然的莲叶和水下自由嬉游的鱼儿，让读者感受到这种欢乐的。从结构上看，这首诗虽然很短，但也分为“唱”、“和”两部分，其中，前三句是采莲人的“唱词”，后四句是众人的“和词”。,7560000
十五从军征,曹操,"十五从军征，八十始得归。
道逢乡里人：“家中有阿谁？”
“遥看是君家，松柏冢累累。”
兔从狗窦入，雉从梁上飞，
中庭生旅谷，井上生旅葵。
舂谷持作饭，采葵持作羹。
羹饭一时熟，不知贻阿谁。
出门东向看，泪落沾我衣。","本书选录的《十五从军征》和《行行重行行》两首诗都是《古诗十九首》中的名篇。《古诗十九首》是梁朝人萧统《文选》里收录的最早的五言古诗，总题为《古诗十九首》。这十九首诗是建安诗的前驱，大约作于东汉末年，作者、题目都已经不可查了，只好以每首诗的第一句作为标题。
从内容上看，这首诗虽然不是很短，但都是一个人遭遇的自述。通过这一番极其凄凉和惨痛的自述，反映了当时兵役制度的不合理和百姓沉重的负担。开头两句“十五从军征，八十始得归“极具震撼力，不仅吸引了读者的注意力，而且一语道破兵役制度的不合理之处。",162000
行行重行行,曹操,"行行重行行，与君生别离。
相去万余里，各在天一涯；
道路阻且长，会面安可知？
胡马依北风，越鸟巢南枝。
相去日已远，衣带日已缓；
浮云蔽白日，游子不顾返。
思君令人老，岁月忽已晚。
弃捐勿复道，努力加餐饭！",《行行重行行》是一首描写离乱的诗，表达了作者对别离的痛恨之情。全诗以清新纯真的语言和形象生动的比喻，描写了妻子对离家远行的丈夫的相思之情。后人评论这首诗时，说它情真、景真、事真、意真，一字千金。由此可见这首诗的精妙。,70800
短歌行,曹操,"对酒当歌，人生几何？譬如朝露，去日苦多。
慨当以慷，忧思难忘。何以解忧？唯有杜康。
青青子衿，悠悠我心。但为君故，沉吟至今。
哟呦鹿鸣，食野之苹。我有嘉宾，鼓瑟吹笙。
明明如月，何时可掇？忧从中来，不可断绝。
越陌度阡，枉用相存。契阔谈宴，心念旧恩。
月明星稀，乌鹊南飞。绕树三匝，何枝可依？
山不厌高，海不厌深。周公吐哺，天下归心。","《短歌行》是诗人按旧题写的新辞，主旨是表达作者求贤若渴的心情和愿意任用人才，以便实现统一天下的抱负。
自《诗经》以来，有很多人学习四言雅颂之体，但大都形式呆板、气韵不足，而诗人却深得《诗经》和汉乐府民歌的精髓，创作出了这样一首四言体的杰作，成为脍炙人口的千古名篇。这首诗融抒情、写景、叙事和说理于一体，在纯正质朴的语言之中贯穿悲凉的心情，用铿锵有力的音韵和宕荡起伏的音调抒发慷慨的心情，意境深远优美，风格丰富多姿，感情真挚深刻。",179000
观沧海,曹操,"东临碣石，以观沧海。
水何澹澹，山岛竦峙。
树木丛生，百草丰茂。
秋风萧瑟，洪波涌起。
日月之行，若出其中；
星汉灿烂，若出其里。
幸甚至哉，歌以咏志。","根据史料记载，汉献帝建安十二年（207年）八月，曹操奇袭鸟桓，取得胜利。在班师回朝的途中，登上今天河北省境内的碣石山，远观沧海，不禁感慨万千，即兴写了这首诗。这首诗描写了碣石山的秋景和大海的壮观，抒发了诗人的豪情壮志和博大胸怀。
《观沧海》共四章，每章都能独立成篇。整首诗想象丰富，气势雄伟。诗人抓住大海景观的外在特征，极力塑造了大海的英雄性格。而诗人之所以着重塑造和刻画大海的英雄性格，是为了表现诗人自己的性格。诗人刻画大海的洪波巨浪，是为了表达自己性格里雄浑无极的一面；描绘日月的纵贯长空，是为了表现自己的经天纬地之才；描述灿烂夺目的星河，是为了表现自己浩瀚博大的胸怀。后世的很多人都很推崇这首诗，就是因为欣赏这首诗所体现出来的豪迈气势和高远境界。",316000
燕歌行,曹丕,"秋风萧瑟天气凉，草木摇落露为霜，
群燕辞归雁南翔。念君客游思断肠，
慊慊思归恋故乡，君何淹留寄他方？
贱妾茕茕守空房，忧来思君不敢忘，不觉泪下沾衣裳。
援琴鸣弦发清商，短歌微吟不能长。
明月皎皎照我床，星汉西流夜未央。
牵牛织女遥相望，尔独何辜限河梁？","据记载和考证，《燕歌行》原为燕地（今河北中北部）的民间音乐，反映的大多是战争和徭役给百姓带来的痛苦。这首诗也不例外，通过一个等待外出服役的丈夫回家的妻子的口吻，反映了当时永无休止的战争和徭役带给百姓的苦难，寄托了诗人对下层百姓苦难生活的同情。
这首诗是我国现存最早、发展最完备的七言古诗，在诗歌发展史上具有重要的地位。从内容上来看，这首诗分为三个层次。第一层的前两句写自然节气的变化，是由宋玉《九辩》中的“悲哉，秋之为气也，草木摇落而变衰”变化而来的。在第一层，作者集中浓墨，着重刻画了一幅风声萧瑟、草木凋落、大雁南飞的秋景。
第二层刻画了妻子情深意切的思念和孤苦不安的忧思。她猜测丈夫此时一定也在思念着她，并因此掀起了一层新的波澜：既然丈夫思念她，又为什么迟迟不归呢？通过她的埋怨，更清晰地反映了她对丈夫的依恋。第三层描写了深夜牛郎织女隔河相望的情景。",25800
白马篇,曹植,"白马饰金羁，连翩西北驰。
借问谁家子？幽并游侠儿。
少小去乡邑，扬声沙漠垂。
宿昔秉良弓，楛矢何参差。
控弦破左的，右发摧月支。
仰手接飞猱，俯身散马蹄。
狡捷过猴猿，勇剽若豹螭。
边城多警急，虏骑数迁移。
羽檄从北来，厉马登高堤。
长驱蹈匈奴，左顾凌鲜卑。
弃身锋刃端，性命安可怀？
父母且不顾，何言子与妻？
名编壮志籍，不得中顾私。
捐躯赴国难，视死忽如归。","《白马篇》又名《游侠篇》，是诗人前期的代表作品，表现了诗人愿意为国家建功立业的迫切心情。当时，诗人风华正茂，以过人的才华、敏捷的文思深得父亲曹操的赏识，因此所作的诗大都体现出了一种少年所特有的雄心壮志。《白马篇》正是其中的代表之作。
就全诗内容来看，咏的不是实人实事，尽管按古题，写的却全是当时的“新鲜事”，由此可见，诗人是根据自己的所见所闻来描写心目中的游侠儿的。可以说，游侠儿的这个形象也是他个人理想的化身，是他的自我写照。最后的“捐躯赴国难，视死忽如归”表达了诗人愿意为国捐躯的心愿，是千古名句。",23800
赠徐干,曹植,"惊风飘白日，忽然归西山。
圆景光未满，众星粲以繁。
志士营世业，小人亦不闲。
聊且夜行游，游彼双阙间。
文昌郁云兴，迎风高中天。
春鸠鸣飞栋，流猋激棂轩。
顾念蓬室士，贫贱诚可怜。
薇藿弗充虚，皮褐犹不全。
慷慨有悲心，兴文自成篇。
宝弃怨何人？和氏有其愆。
弹冠俟知己，知己谁不然？
良田无晚岁，膏泽多丰年。
亮怀玙璠美，积久德愈宣。
亲交义在敦，申章复何言！",根据相关记载可知，徐干是“建安七子”中比较淡泊名利的一位，而且担任的官职一直都很低，因此，徐干的生活可能的确比较清贫，可能正如诗中所描述的那样。但这首诗的立意却不是描写徐干的清贫生活，相反，诗人对徐干处境深表同情和不平。诗人认为，徐干有才有德，但是却不得重用，相反，其他许多平庸之人却被赏识和重用。这与两晋时期诗人左思的《咏史》表达的主题相近。,743000
杂诗,曹植,"高台多悲风，朝日照北林。
之子在万里，江湖迥且深。
方舟安可极，离思故难任。
孤雁飞南游，过庭长哀吟。
翘思慕远人，愿欲托遗音。
形景忽不见，翩翩伤我心。","这首诗是诗人在思念友人时候写的，不仅表达了诗人对友人的思念之情，还表达了诗人自己孤独、苦闷的心情。
第一句“高台多悲风”是广为传诵的名句。在钟嵘著的《诗品》里，评价这句诗为“古今胜语”。不仅如此，曹植的这种写作手法还在中国的文学史上产生了深刻的影响。两晋南北朝时期的诗人谢朓就是受此影响最大的诗人。",5310
咏怀,阮籍,"夜中不能寐，起坐弹鸣琴。
薄帷鉴明月，清风吹我衿。
孤鸿号外野，翔鸟鸣北林。
徘徊将何见？忧思独伤心！","后世的学者大都十分推崇阮籍的才华，认为他的诗“厥旨渊放，归趣难求”。在《读诗三札记》一中里，萧涤非引用黄节的话，评论说，阮籍的诗是最难理解的，之所以难以理解，主要有两个原因。一是由于阮籍的诗与当时的环境关系很大。阮籍的诗大多是讥讽之作，但由于害怕受到司马氏的迫害，阮籍不敢以太明白的语言斥责当权者，因此难以理解其意。二是由于当时的习惯，阮籍在诗中引用典故时，都是凭借记忆的，因此与事实有出入，这也给后人理解他的诗造成了障碍。
再来看这首诗。这首诗最大的特点就是虽然写明了是抒发忧愁，但是又没有写明为什么忧愁。这样一来，全诗的诗义和意境就被无限放大了，留给读者很多想象的空间。",51400
赠秀才入军（二首）,嵇康,"良马既闲，丽服有晖。
左揽繁弱，右接忘归。
风驰电逝，蹑景追飞。
凌厉中原，顾盼生姿。
息徒兰圃，秣马华山。
流磻平皋，垂纶长川。
目送归鸿，手挥五弦。
俯仰自得，游心太玄。
嘉彼钓叟，得鱼忘筌。
郢人逝矣，谁与尽言。","在这两首诗里，诗人想象兄长嵇喜在军营，领略山水乐趣的情景。跟随着诗人的想象和描述，读者似乎看到了嵇喜在长满兰草的地上休息、在开满鲜花的山坡上喂马，还有抓鸟、钓鱼等游戏。嵇喜一边目送鸿雁南归，一边弹着五弦琴，任凭心神游荡在天地之中。
其实，嵇康是把军旅生活想象得太乐观和美好了，这与其说描写的是兄长嵇喜的军旅生活，还不如说是诗人借机抒发了自己纵心自然的情趣。由嵇康对军旅生活的美好想象和向往，我们可以看出，在魏晋时期的文人墨客眼中，从军是一件美好的事，这也印证了曹植“捐躯赴国难，视死忽如归”的诗句中反映出的豪迈精神。",865000
咏史,左思,"郁郁涧底松，离离山上苗。
以彼径寸茎，荫此百尺条。
世胄蹑高位，英俊沉下僚。
地势使之然，由来非一朝。
金张籍旧业，七叶珥汉貂。
冯公岂不伟？白首不见招。","诗人在这首诗里描写的世家子弟通过父兄的势力谋取到高官的情况。这在魏晋时期普遍存在，甚至发展成为一种严重的社会问题。概括起来讲，就是“九品中正制”的用人制度形成了“上品无寒门，下品无世族”的情况。据《晋书》记载，晋朝的高官“皆先代功臣之胤，非其子孙，则其曾玄”。
基于这种情况，诗人写作这首诗，既表达了对这种既定社会现实的不满和愤怒，又把世家贵人比喻为“径寸茎”，表现了对他们的蔑视。",38000
归园田居,陶渊明,"少无适俗韵，性本爱丘山。
误落尘网中，一去三十年。
羁鸟恋旧林，池鱼思故渊。
开荒南野际，守拙归园田。
方宅十余亩，草屋八九间，
榆柳荫后檐，桃李罗堂前。
暖暖远人村，依依墟里烟。
狗吠深巷中，鸡鸣桑树颠。
户庭无尘杂，虚室有余闲。
久在樊笼里，复得返自然。

种豆南山下，草盛豆苗稀。
晨兴理荒秽，带月荷锄归。
道狭草木长，夕露沾我衣。
衣沾不足惜，但使愿无违。","本篇是陶渊明田园诗的代表作，描绘了美好的田园风光，抒发了归隐后的愉快心情，优美自然、朴实动人。
作者在前两句点明了自己的性格，说自己本来就不喜欢官场，只留恋青山绿水。接着用“误入尘网中”、“羁鸟”、“池鱼”表达了自己自然、清高的性情和对官场的厌恶。笔锋一转，作者又描述了朴实自然的山村景象。作者没有刻意描绘，只是罗列了一些乡村中常见的景物，朴实无华，但是生动形象。全诗最后两句是点题之笔，与开头两句照应。一开始从厌恶官场写到优美的田园风光，最后表达了作者摆脱官场后，重返田园的那种愉悦和如释重负的感觉。
陶渊明的语言风格在这首诗中得到了很好的体现，自然流畅、生动形象，每一处看上去都精心打磨，却又不着痕迹。
这首诗虽然短，但是体现了作者的率真。
开头两句描述了耕种不易，到南山下种豆，但是长势不好，地里的草比豆苗还要多。接着描述耕种的艰辛，一早就要到地里去锄草，晚上伴着月亮回家。这几句非常简练，寥寥数语就使作者那种不善农事、辛勤耕作的形象跃然纸上。
“道狭草木长，夕露沾我衣”，这两句非常形象，我们仿佛看到作者忙完了一天，顶着月光走在回家的路上，由于路边的草太长，又加上带着露水，衣服都被沾湿了。写到这里作者都是在说耕种的艰辛和不易，那么他对此又是怎样看待的呢？最后两句便是回答：“衣沾不足惜，但使愿无违。”这个回答非常坚定，沾湿衣服不算什么，只要不违背自己的愿望。这充分体现了作者坚定的性格。",96600
杂诗八首（其二）,陶渊明,"白日沦西阿，素月出东岭。
遥遥万里辉，荡荡空中景。
风来入房户，夜中枕席冷。
气变悟时易，不眠知夕永。
欲言无予和，挥杯劝孤影。
日月掷人去，有志不获骋。
念此怀悲凄，终晓不能静。","作者在这首诗中表达了自己孤独凄凉，空有壮志，不能实现的感慨。
作者着笔由远及近，先描写日落西山，月色辽阔，烘托出一种悲凉的气氛，然后开始感叹岁月流逝。“气变悟时易，不眠知夕永”一句中作者夜里睡不着觉，突然发现天气冷了，季节变了，自己的心境也跟着变得悲凉。一句“欲言无予和，挥杯劝孤影”，更是将作者的那种寂寞和没有知音的苦闷刻画了出来。最后，作者感慨自己空有抱负，可惜身处乱世无法实现。
从这首诗中可以看出，作者虽然退隐田园，但是对世事和自己的抱负并没有忘怀。这既是作者对自己志向的一种缅怀，也从侧面揭露了当时社会的黑暗。",7610000
饮酒（其五）,陶渊明,"结庐在人境，而无车马喧。
问君何能尔？心远地自偏。
采菊东篱下，悠然见南山。
山气日夕佳，飞鸟相与还。
此中有真意，欲辨已忘言。","这是陶渊明最脍炙人口的诗作之一，通俗易懂，朗朗上口。
前四句描述了作者远离官场，断绝世俗交往，并且自问自答，谈自己远离仕途的感受，那就是“心远地自偏”。断绝了与官场世俗之间的关系之后，尽管身处“人境”，也会觉得自己地处偏僻的地方。
接下来四句借景抒情，每一句都透露出一股闲适的心情和闲居乡野的乐趣，从而更否定了以前那种污浊的官场生活。尤其是其中的“采菊东篱下，悠然见南山”，更是成了千古流传的名句。
最后两句非常妙。“此中有真意，欲辨已忘言”，离开污浊的官场，回到悠闲的乡下，这里面有一种真正的人生乐趣，但是这种乐趣只可意会而不可言传。以这两句收尾，使全诗有一种意味深长的感觉，让人回味无穷。",274000
咏荆轲,陶渊明,"燕丹善养士，志在报强嬴。
招集百夫良，岁暮得荆卿。
君子死知己，提剑出燕京；
素骥鸣广陌，慷慨送我行。
雄发指危冠，猛气冲长缨。
饮饯易水上，四座列群英；
渐离击悲筑，宋意唱高声。
萧萧哀风逝，淡淡寒波生，
商音更流涕，羽奏壮士惊。
心知去不归，且有后世名。
登车何时顾，飞盖入秦庭。
凌厉越万里，逶迤过千城。
图穷事自至，豪主正怔营。
惜哉剑术疏，奇功遂不成！
其人虽已殁，千载有余情。","这是一首咏史诗，取材于《史记·刺客列传》中记载的关于荆轲刺秦王的故事。咏史诗的特点是叙事与抒情紧密结合，边叙事边抒情。本文也是如此。
开头四句是引子，作者描述了燕丹为了报仇招募了荆轲。接下来着重描写送别的场面，篇幅占了全篇的一半以上。作者这样写的目的在于极力赞扬荆轲的那种不负知己、敢于牺牲的侠义精神。荆轲在途中的情形只用了四句，最后献图失败的描写只用了两句，这些都不是本诗的主要部分。作者在最后四句抒发了对荆轲的惋惜和崇敬，同时暗含对自己所处时代的悲愤。
陶渊明写作这首诗时，正值晋朝与南朝宋的更迭之际，他忧国忧民，便作了这样一首激情悲愤的诗。这首诗体现了作者豪情的一面。朱熹在《朱子语类》里说：“陶渊明诗，人皆说是平淡，据某看，他自豪放，但豪放得来不觉耳。其露本相者，是《咏荆轲》一篇。”",892000
挽歌,陶渊明,"荒草何茫茫，白杨亦萧萧。
严霜九月中，送我出远郊。
四面无人居，高坟正嶕峣。
马为仰天鸣，风为自萧条。
幽室一已闭，千年不复朝。
千年不复朝，贤达无奈何！
向来相送人，各自还其家。
亲戚或余悲，他人亦已歌。
死去何所道，托体同山阿。","挽歌原本是挽柩发丧的时候所唱的歌，是哀悼死者的歌。后来，人们会在亲朋好友死后作挽歌以示哀悼。本篇是陶渊明作的挽歌的第三篇，是作者生前写给自己的挽歌。在前两篇中作者描述了人刚死的时候和即将发丧的时候的情景，本篇描述了发丧和下葬时候的情景。
这首挽歌流畅、豁达，尤其是最后两句：“亲戚或余悲，他人亦已歌。死去何所道，托体同山阿。”这两句是陶渊明作品中的名句，鲁迅曾经在《纪念刘和珍君》中引用过，意思是：或许亲戚们还留有一些悲伤，其他人停止了挽歌也就没什么好悲伤的了。人死了没什么可说的，不过是把身体寄托到山里罢了。",21400
登池上楼,谢灵运,"潜虬媚幽姿，飞鸿响远音。
薄霄愧云浮，栖川怍渊沉。
进德智所拙，退耕力不任。
徇禄反穷海，卧疴对空林。
衾枕昧节候，褰开暂窥临。
倾耳聆波澜，举目眺岖嵚。
初景革绪风，新阳改故阴。
池塘生春草，园柳变鸣禽。
祁祁伤豳歌，萋萋感楚吟。
索居易永久，离群难处心。
持操岂独古，无闷征在今。","这首诗是谢灵运作品中传诵最广的一篇。当时谢灵运担任永嘉太守，大病初愈的他登上高楼观景，写下此诗。
在诗中作者表达了自己抑郁的心情和对放任偏远地区的不满情绪。登高望远本打算缓解郁闷，没想到满目的春色更增加了思乡之情。诗的最后两句：“索居易永久，离群难处心。持操岂独古，无闷征在今。”意思是：离群索居，容易觉得时间过的漫长，难以安心。真正有德的隐士，不追逐名利、不随波逐流，所以能安心处世，没有烦恼。这两句诗中既表明了作者对现状的不满，又表明了向古人学习，决心归隐。在写下这首诗半年之后，他果真就辞官归隐了。",16600
拟咏怀,庾信,"寻思万户侯，中夜忽然愁。
琴声遍屋里，书卷满床头。
虽言梦蝴蝶，定自非庄周。
残月如初月，新秋似旧秋。
露泣连珠下，萤飘碎火流。
乐天乃知命，何时能不忧？","诗人虽然名义上是车骑将军，更兼仪同三司的显要官职，但实际上是既没有实权，又没有俸禄，反而落得生活贫困，悲愤之情可想而知。
这首诗的手法和阮籍《咏怀诗》之《夜中不能寐》相近，只写出了深深的忧愁之情，但并没有明说因何忧愁。诗人自负其才，本以为能建功立业，博得万户侯的功名，孰料如今却落得国破家亡的下场，比起阮籍来，诗人的心情更加痛苦。最后两句深刻地反映了诗人内心的挣扎与矛盾：虽然也知道乐天知命的道理，但内心的忧思还是不能得以排遣。",15700
拟行路难,鲍照,"对案不能食，拔剑击柱长叹息。
丈夫生世会几时，安能蹀躞垂羽翼？
弃置罢官去，还家自休息。
朝出与亲辞，暮还在亲侧。
弄儿床前戏，看妇机中织。
自古圣贤尽贫贱，何况我辈孤且直。","作者出身贫寒，并且为人正直，因此不能被官场所容，只得辞官归家。这首诗中正是表达了对这种不公平现象的痛斥。
开头作者先写了自己的愤怒“拔剑击柱长叹息”，后又表达了安能摧眉折腰事权贵的感慨，于是辞官归家。有两句是描写归家之后的情景，每日与亲人在一起，哄孩子玩耍，看妇人织布。既表达了一种不同于肮脏官场的温馨，也透露出一种无奈。最后两句是本诗画龙点睛之笔，也是作者最广为流传的名句：“自古圣贤尽贫贱，何况我辈孤且直。”既有对当时社会不公的埋怨，也包含着一种无奈和自我安慰。",209000
暂使下都夜发新林至京邑赠西府同僚,谢朓,"大江流日夜，客心悲未央。
徒念关山近，终知返路长。
秋河曙耿耿，寒渚夜苍苍。
引领见京室，宫雉正相望。
金波丽鳷鹊。玉绳低建章。
驱车鼎门外，思见昭丘阳。
驰晖不可接，何况隔两乡？
风云有鸟路，江汉限无梁。
常恐鹰隼击，时菊委严霜。
寄言罻罗者，寥廓已高翔。","据《南齐书·谢朓传》记载：当年谢朓因为文采非凡深得萧子隆赏识，这引起了长史王秀之的嫉妒，因此上书齐武王对谢朓加以诬陷。齐武王下令让谢朓还京，谢朓在还京途中作下此诗，以表达自己对萧子隆和同府幕僚的怀念，以及对造谣诬陷者的愤慨。
前两句“大江流日夜，客心悲未央”是千古传诵的名句。这两句奠定了本文悲壮的格调，下面通过描写离开荆州，返回京城途中见到的景象，来抒发自己复杂的心情。此诗笔力道劲，非常洒脱，尤其是最后两句“寄言罻罗者，寥廓已高翔。”意思是，告诉那些陷害自己的人，我已经远走高飞了。这表达出作者对小人的不屑。",28000
木兰诗,佚名,"唧唧复唧唧，木兰当户织。不闻机杼声，唯闻女叹息。
问女何所思？问女何所忆？女亦无所思，女亦无所忆。昨夜见军帖，可汗大点兵。军书十二卷，卷卷有爷名。阿爷无大儿，木兰无长兄，愿为市鞍马，从此替爷征。
东市买骏马，西市买鞍鞯，南市买辔头，北市买长鞭。旦辞爷娘去，暮宿黄河边。不闻爷娘唤女声，但闻黄河流水鸣溅溅。旦辞黄河去，暮至黑山头，不闻爷娘唤女声，但闻燕山胡骑鸣啾啾。
万里赴戎机，关山度若飞。朔气传金柝，寒光照铁衣。将军百战死，壮士十年归。
归来见天子，天子坐明堂。策勋十二转，赏赐百千强。可汗问所欲，“木兰不用尚书郎，愿驰千里足，送儿还故乡。”
爷娘闻女来，出郭相扶将。阿姊闻妹来，当户理红妆。小弟闻姊来，磨刀霍霍向猪羊。开我东阁门，坐我西阁床。脱我战时袍，著我旧时裳。当窗理云鬓，对镜帖花黄，出门看伙伴，伙伴皆惊忙。“同行十二年，不知木兰是女郎。”
雄兔脚扑朔，雌兔眼迷离；双兔傍地走，安能辨我是雄雌！","《木兰诗》是北朝民歌的代表作，它与南朝的《孔雀东南飞》在中国文学史上合称“乐府双璧”。
诗中描写了木兰女扮男装，代父从军，之后拒绝了朝廷的赏赐，回到父母身边的故事。诗中热情赞扬了花木兰孝敬父母、保家卫国，塑造了一位至今仍然闪耀着光辉的女英雄的形象，被人们长久传诵。更以小见大，表达了当时北方人民痛恨战争，渴望和平的意愿。
这首诗的风格古朴刚健，体现出了当时民歌的特色。设问、比喻、对偶等手法的应用，对于渲染气氛、塑造人物形象、刻画人物心理起到了很好的效果，让花木兰的英雄形象跃然于纸上。",85900
敕勒歌,佚名,"敕勒川，阴山下。天似穹庐，笼盖四野。
天苍苍，野茫茫，风吹草低见牛羊。","这是敕勒族的民歌，最初用鲜卑语传唱，后来译为汉语，所以看上去句式长短不齐。
这首民歌虽然简短，但是描述的对象和体现出的胸怀都十分辽阔。天，就像一个蒙古包一样笼罩在大地上。地上是一望无际的大草原，风吹起的时候，露出里面的牛群和羊群。短短几句话，不仅描绘出了壮丽的场景，还体现出了少数民族牧民辽阔的心胸，非常传神。",6020000
蝉,虞世南,"垂緌饮清露，流响出疏桐。
居高声自远，非是藉秋风。","这是一首借物咏志的小诗，语言清新脱俗、意味深长，被后人广为传诵。
第一句非常形象，写一只蝉在喝露水。诗句中的“垂”暗指官宦阶级、身份显贵的人，而“饮清露”则体现蝉在古人心中生性高洁。第二句写蝉的叫声从稀疏的桐树枝叶中传出，其中“流响”说明蝉的叫声传出很远。而“疏”字则与第一句中的“清”，还有最后一句中的“秋风”相应。
有了前两句的铺垫之后，作者在第三句和第四句发出议论：“居高声自远，非是藉秋风。”这两句不仅是这首诗的点睛之笔，更是千古流传的名句。蝉声能传出如此之远，并不是借着什么秋风，作者认为主要原因是“居高”，暗指人格的高尚才是千古流芳的原因。",1020000
采莲曲二首（其二）,王昌龄,"荷叶罗裙一色裁，芙蓉向脸两边开。
乱入池中看不见，闻歌始觉有人来。","作为著名的边塞诗人，王昌龄的这首诗很特别，其柔美清丽，体现了诗人的另一面。
这首诗描绘了一幅生动的画面：一群采莲少女们进入荷塘，穿插在荷叶之间，鲜艳的荷花与荷叶轻轻波动，弄不清到底是因为风的吹拂，还是因为活泼的采莲女，因为虽然可以听到采莲女的歌声，却不知道她们到底在哪里。
本诗独具匠心之处在于，在这幅采莲图中，一直没有直接出现采莲女的形象，而是让她们若隐若现，只闻其声不见其人。在美丽的大自然中，采莲少女成为一种味道，飘进我们的鼻孔，使大自然愈加生动。这种意境，令人遐想。
诗中，“芙蓉向脸两边开”是可以朝两个方向理解的。一方面，可以理解成荷花像少女的脸；另一方面，也可以理解成少女的脸如荷花一般清新艳丽。无论怎么理解，都造成一种人与花不分彼此，浑然一体的感觉。我们可以想见：在绿荷红莲的海洋中，少女们的绿罗裙与田田荷叶融为一体，分不清孰为荷叶、孰为罗裙；同样，少女的脸与荷花也难辨彼此。
如此一来，诗人对于大自然的描写，与对采莲女的描写就自然融合了，使笔下的景象既像是对生活的实录，又像是对仙境的想象。",95500
送别,王维,"下马饮君酒，问君何所之？
君言不得意，归卧南山陲。
但去莫复问，白云无尽时。","这首诗是王维为送友人归隐而作的。语句看似平淡无奇，实则意味深长。
诗人开篇就用“饮君酒”来点题，然后询问友人以后的打算。字里行间都渗透着诗人对友人的关切之情。然后又自然地过渡到了归隐。诗中出现了三个“君”字，表达了诗人对友人反复叮咛、依依惜别的感情。“不得意”三字显然是有深意的。诗人借友人的矢志归隐，含蓄地表达了自己对现实愤懑不平却又无可奈何的矛盾心情。“但去莫复问，白云无尽时。”即使归隐，也不必以失意为念。因为，尘世的功名利禄总是有尽头的，而终南山的白云却是无穷无尽的，可以供你随意消遣。这两句一转前面四句的平淡无奇，骤然增加了诗的韵味，表达了诗人的羡慕和无限感慨之情。",27400
终南山,王维,"太乙近天都，连山接海隅。
白云回望合，青霭入看无。
分野中峰变，阴晴众壑殊。
欲投人处宿，隔水问樵夫。","这首诗旨在咏叹终南山壮丽的山势和诱人的景色，气势雄浑、意境深远。
首联写的是远望终南山的场景。远远望去，终南山好像要逼近都城长安了，甚至和大海相接了，气势非常雄伟。这当然是一种艺术夸张，不过也足见终南山的高峻和广袤。
颔联写作者行于山中，只见左右弥漫着白云，身后也是茫茫云海；而前面，则是笼罩在一片“青霭”之中的千岩万壑、怪石清泉、苍松翠柏、奇花异草等美丽景致。这些不断变幻的景致虽然可见，却怎么也看不真切。也正因为如此，才更加令人神往，忍不住要深入其中仔细地看。与此同时，身后的美景也使人不能不“回望”。这么一来，刚才还近在眉睫的景物也被笼罩了一层青纱，变得像其他景致一样朦胧，并最终隐没在“青霭”里。这种广阔的意境，令人回味无穷。
颈联高度概括了终南山的广阔。诗人站在“近天都”的中峰上极目远眺，看到了终南山的整个景致。“分野中峰变”指的是终南山被分成了山南和山北这两个不同的部分，“阴晴众壑殊”则是用光线的明暗来表现终南山大而雄壮，以致各个山谷的阴晴变化也不相同。
尾联写的是诗人游兴未尽，准备在山中留宿，第二天再继续游玩。人们对尾联的理解和评价，历来都有不同。有些人否定它，因为在他们看来，尾联与前三联不相称。不过，总的来说，它还是收到了“以少总多”的艺术效果，也很有余味。",7010000
使至塞上,王维,"单车欲问边，属国过居延。
征蓬出汉塞，归雁入胡天。
大漠孤烟直，长河落日圆。
萧关逢候骑，都护在燕然。","这首诗是诗人在赴河西慰问边疆将士的途中作的。
唐朝开元二十五年（737年），河西节度副使崔希战胜吐蕃，诗人奉唐玄宗之命以监察御史的身份出塞慰问边疆将士，体察边疆军情。事实上，诗人是受到了朝廷的排挤，他是极不情愿出塞的。这首诗也正透露了诗人内心的伤心、激愤和抑郁之情。
首联交代了此行的目的是慰问边疆，到达了居延。其中的“单车”，是说随从少。诗人只用了十个字，就将万里行程一笔带过，表达了诗人轻微的失意之情。
颔联意味深长。此处采用的是两两对照的写法。诗人把自己比作“征蓬”，再用“归雁”来反衬自己。在古诗中，“蓬草”大多被诗人用来自叹身世飘零；而归雁就不同了，它可以在一派春光中归巢育雏，比诗人这个身不由己的“征篷”好多了。用反衬的写法，加深了诗人自怜、自伤、自嘲的飘零之感。而且，不管是因为什么原因去国离乡，人的心情都是复杂的，更何况诗人这次出使的心境不佳。诗人是因为朝廷的政治斗争被排挤出去的，所以他的出使并不是什么威风的事情，他难免会觉得失意。
颈联刻画了沙漠中的孤烟、长河等典型景物，写出了边疆大漠壮阔雄浑的景象。边疆沙漠浩瀚无边，所以用了一个“大漠”二字。边塞荒凉得没有什么奇观异景，所以烽火台上燃烧的那一股“孤烟”就格外醒目，给原本没有生机的荒漠增添了一点儿生气。虽然“孤”字表明了景物的单调，但是“直”字又紧随其后，起到了画龙点晴的作用，体现了“孤烟”的挺拔、坚毅之美。只有亲眼见过这种场景的人，才能深刻体会到“直”字的妙处。
“长河落日圆”是一个特定镜头。诗人大概是站在一座山头上俯瞰到这一景象的。沙漠里没有山峦林木，只有一条孤寂的“长河”横贯其间，好在落日是圆的，让伤感的诗人感到了一丝温暖。而且，红日、长河相互融合的景象，平添了一种壮阔的气势，使得整个画面显得壮阔美丽，似乎融化了诗人内心的孤寂。
尾联描写的是到了边塞却没有遇到将官，原来将官还在燕然前线没有回来。诗人去国离乡多日，终于要见到本土之人了，却没能欣喜起来。总之，诗人此时内心凄凉而又无奈。",94600
鹿柴,王维,"空山不见人，但闻人语响。
返景入深林，复照青苔上。","这首诗是王维后期所作山水诗的代表作，是《辋川集》二十首诗中的第四首，描写的是傍晚时分鹿柴附近的幽静景致，表达了诗人热爱自然、厌倦官场的感情。
“空山不见人”，可见诗人的视野比较开阔，可以没有障碍地看见山林的概貌，而且没有看见一个人。此句具体地描写了山的空寂和清冷。“但闻人语响”写的是，由于回声的多重反射，有时又能听到说话声，不知道这声音是从哪儿传过来的。诗人用视觉与听觉相结合的写作方法，描绘出了一个平平常常的场景，别有一番新意，给人一种犹如身临其境的新奇感受。其中，“响”字与“空山”遥相呼应，反衬山的空旷和幽静。因为，空谷传音，愈见空谷之空。
第三、第四句描写的是夕阳射入树林深处，又有一部分光线落到青苔上的场景。深林原本就幽暗，而林间树下的青苔更突显了深林的不见阳光。这时，夕阳却反射进了深林里，给幽暗的深林带来了一线光亮，让整个深林有了一点儿生机。这一小片光影和大片的幽暗，形成了鲜明的对比，更加衬托出深林的幽暗。而且，反射过来的阳光会转瞬即逝，接踵而来的就是漫长的幽暗。这两句用光亮来反衬幽暗，结果使幽暗给人的印象更加突出。
从总体上说，《鹿柴》的色调是幽冷、空寂的，也许和诗人的消极情感有关。",459000
山中,王维,"荆溪白石出，天寒红叶稀。
山路元无雨，空翠湿人衣。","这首诗描绘的是初冬时节的秦岭景观。
“荆溪白石出”写的是清浅的荆溪水在山中缓缓流动，水面上点缀着被溪水冲得泛白的石头。这一句，可以让读者想象出荆溪蜿蜒穿行的样子，甚至听到它那清澈晶莹的溪水潺潺流淌的声音。“天寒红叶稀”写的是由于天气转冷，山上的红叶也渐渐少了。事实上，稀疏的红叶反倒更加惹眼，不禁引起人们对刚刚逝去的绚烂秋色的遐想，并不会给人以萧索、凋零的感觉。这两句诗形象地描绘了初冬的一部分山中景色。
第三、第四两句描绘了秦岭的全貌。尽管天气转寒，但整个秦岭依然到处都是蓊蓊郁郁的苍松翠柏，山路就穿行于这无边的山林之中。山林里的空气本来就湿润，再加上空明而又触目可见的苍翠山色浓得好像要溢出水来，将穿行其间的人们笼罩在一片浓翠里，不由得给人一种“翠雾”湿衣的凉意。所以，尽管并没有下雨，人们却不由自主地产生了衣服被淋湿的感觉。在这里，诗人用一个似真似幻的“湿”字，巧妙地显示了山的“空翠”。这种巧妙结合了视觉、触觉和感觉的写法，会让人产生一种如梦似幻的感觉，从而获得一种心灵上的满足。
全诗描绘了一幅色彩斑斓的山中初冬风景画，它不但富有冬的情韵，而且充满了生命力，毫无萧索、枯寂的色彩。它所流露的感情，比诗人的某些专写静谧境界却不免有些清冷虚无的小诗要积极得多。",46600
宣州谢朓楼饯别校书叔云,李白,"弃我去者，昨日之日不可留；
乱我心者，今日之日多烦忧。
长风万里送秋雁，对此可以酣高楼。
蓬莱文章建安骨，中间小谢又清发。
俱怀逸兴壮思飞，欲上青天揽明月。
抽刀断水水更流，举杯销愁愁更愁。
人生在世不称意，明朝散发弄扁舟。","这首诗作于天宝十二年（753年），是诗人为送别族叔李云而作的，它没有直言离别，而是极力宣泄了自己怀才不遇的牢骚和愤懑，表达了诗人对黑暗社会的强烈不满，以及他对光明的执著追求。
尽管诗人可以遨游在幻想中，可他却摆脱不了污浊的现实。他强烈地感受到了理想和现实的矛盾是不可调和的，所以内心更加苦闷。“抽力断水水更流，举杯销愁愁更愁”一转上文的豪迈气势，正好体现了这种巨大的心理落差。但是，诗人并没有因此而消沉，而是在忧愤、苦闷中寻找着释放压力的方法。
诗人的感情瞬息万变，一开始就宣泄出郁积已久的苦闷情绪，紧接着却完全抛开“烦忧”，甚至想要做出“揽明月”的壮举，然后又突然不着痕迹地跌入苦闷的深渊，形象地表达了诗人的感情在理想和现实的尖锐矛盾下所发生的剧烈变化，达到了豪放与自然和谐统一的境界。",128000
赠汪伦,李白,"李白乘舟将欲行，忽闻岸上踏歌声。
桃花潭水深千尺，不及汪伦送我情！","这是一首送别诗，作于天宝十四年（755年）。诗人在游历桃花潭时，结识了汪伦，并受到了性格豪爽的汪伦的热情款待，两个人还在一起畅饮美酒。李白临走时，作了这首诗赠给汪伦，抒发了他对汪伦的深情厚谊。
“李白踏上小船，正要离开桃花潭时，忽然听到了汪伦的歌声。桃花潭的水啊，无论你再怎么深，也没有汪伦对我的情谊深。”诗人巧妙地用桃花潭的水来比汪伦对他的情谊，生动形象，空灵而有余味。因为，桃花潭的水已经“深千尺”了，可它还是“不及”汪伦对他的情谊，可见汪伦对他的情谊有多深厚。",132000
山中问答,李白,"问余何意栖碧山，笑而不答心自闲。
桃花流水窅然去，别有天地非人间。","这是一首诗意淡远的七言绝句。
诗句以提问的形式开头，紧扣题目，唤起了读者的注意。可是，诗人却故意“笑而不答”，既表达了诗人的喜悦之情，又造成了悬念，增添了诗意的曲折性，自有一种摇曳生姿的魅力。问题的答案接着就出现了，原来是因为这桃花随溪水悠然远去的美丽景色，诗人已经喜欢上了这种隐居的生活。
全诗采用了不拘格律的绝句形式，显得质朴自然，虽然短小，却有问有答，还运用了叙述、描写和议论，虚实结合，节奏悠然舒缓，而且过渡自然，韵味悠长。",1070000
枫桥夜泊,张继,"月落乌啼霜满天，江枫渔火对愁眠。
姑苏城外寒山寺，夜半钟声到客船。","诗的前幅布景密度很大，十四个字写了六种景象。“月落”写所见，“乌啼”写所闻，“霜满天”写所感，将时间和感觉过程层次分明地表现出来，充分地体现出水乡秋夜的幽寂清冷和羁旅者的孤独。
接着，诗人颇具用心地选择了“江枫”与“渔火”这一对景物：一个是静态的，一个是动态的；一个幽暗，一个光明；一个在江边，一个在江上。写到这里，诗人这才让主人公——出泊舟枫桥的旅人亮相，这个主人公正躺在船上，因为思乡情切，忧愁地无法入眠。“对愁眠”中的一个“对”字，含有伴随的意思，不过比伴随显得含蓄。一个“对”字，体现了一种舟中的旅人和舟外的景物之间的无言交融和契合。
诗篇的后幅，则很疏朗，诗人用两句诗表达一件事情：夜闻山寺钟声。诗人夜泊枫桥时，给他印象最深，让他感觉最具诗意的恐怕就数寒山寺的夜半钟声了。这“夜半钟声”使得夜晚更加静谧，揭示了夜的深永和清寥。同时，诗人卧闻疏钟时的种种难以言传的情愫也全部寄托在这钟声里。",225000
寄李儋元锡,韦应物,"去年花里逢君别，今年花开已一年。
世事茫茫难自料，春愁黯黯独成眠。
身多疾病思田里，邑有流亡愧俸钱。
闻道欲来相问讯，西楼望月几回圆。","首句是回忆往事。去年花开的时候，与朋友分别。时光匆匆流过，不知不觉已经过了一年，而现在，春天到了，又是花开的季节。首联即带着淡淡的伤感，花开的时候却分别了，奠定了全诗的基调。
第二联由伤感转为忧愁。作者写到“世事茫茫”，说明自己对前途的忧虑，再加上当时时局动荡不安，使作者虽然面对着美好的春天，却一点也快乐不起来，只能在“春愁”中“独成眠”。
第三联堪称名言警句。“身多疾病思田里，邑有流亡愧俸钱。”意思是：看着这世事茫茫的局面，自己不禁想到回归田里，一隐了之；但自己还当着刺史呢，怎能一走了之，况且在自己管辖的地方还有人“流亡”。一想到还有“流亡”的人，他就觉得对不起自己的俸禄。这也表现了作者为民忧虑的精神，也是极具思想性的一句话。
尾联呼应首联。作者听说友人要来看望自己，自是喜不自胜，只盼望他们能早早到来，一起团圆。“月圆”就是这个意思，不过，它应该还有一层意思，那就是希望“流亡者”都能安居乐业，不再流亡。",11700000
春雪,韩愈,"新年都未有芳华，二月初惊见草芽。
白雪却嫌春色晚，故穿庭树作飞花。","这首小诗不拘一格、构思巧妙。
首句写立春过后，新的一年已经来到了，但是仍然看不到花开。经过了长长的冬季，春天刚到，人们就急不可耐地盼望着花开。
“二月初惊见草芽”和第一句的意思差不多，但诗人是间接说的。在初春二月的焦急等待中，诗人终于看到了草芽，内心是比较惊喜的；虽然春色来的还比较晚，花儿也没有开。“初”字隐隐写出了作者在焦急等待春天，但春天迟迟不到，使人不禁有些淡淡的埋怨之情；但一个“惊”字传神地写出诗人刚刚发现草芽时的惊喜感受。
从字面意思理解，最后两句说的是草芽的出现离花开的日子不远了；但是，此时下起了早春雪，没看到花开，却看到了飘扬的雪花。诗人实际上是这个意思：人们迟迟等不来春色，但雪花却不耐烦等下去了，率先飘飘洒洒地降落人间。诗人惊奇于雪花的飘扬之态，内心不禁欣喜起来，这雪花不也能代表春色吗？这两句构思极为精巧，写出了春雪的灵巧和美丽，极具浪漫主义色彩。",158000
卖炭翁,白居易,"卖炭翁，伐薪烧炭南山中。
满面尘灰烟火色，两鬓苍苍十指黑。
卖炭得钱何所营？身上衣裳口中食。
可怜身上衣正单，心忧炭贱愿天寒！
夜来城外一尺雪，晓驾炭车辗冰辙。
牛困人饥日已高，市南门外泥中歇。
翩翩两骑来是谁？黄衣使者白衫儿。
手把文书口称敕，回车叱牛牵向北。
一车炭，千余斤，宫使驱将惜不得。
半匹红绡一丈绫，系向牛头充炭直。","《卖炭翁》选自白居易《新乐府》组诗，是里面的第三十二首。
本文通过卖炭翁的遭遇，反映了“宫市”这一不平等现象，对统治者掠夺人民的罪行给予有力的鞭挞。唐朝的时候，皇官所需物品由专门的官员来采购。但是，后来宦官专权，他们买东西都是强买，或以低价，有时连钱都不给。
卖炭翁好不容易存了一车炭，刚好碰到了天冷下雪的时候，本指望卖点钱换些衣服和粮食，但不幸的是，他遇到了“黄衣使者”，使者让他把炭拉到皇宫，但皇帝的使者只给了他“半匹红绡一丈绫”。
辛辛苦苦烧了一车炭，从山里运到长安，但只换回了“半匹红绡一丈绫”。我们此刻一定能感受到诗人当时的悲凉心境。特别是其中一句“可怜身上衣正单，心忧炭贱愿天寒”与后有一句诗——“遍身罗绮者，不是养蚕人”有异曲同工之妙，养蚕的人却舍不得穿罗绮；同样，卖炭翁这么冷的天也舍不得用炭来生火。",52300
琵琶行,白居易,"浔阳江头夜送客，枫叶获花秋瑟瑟。
主人下马客在船，举酒欲饮无管弦。
醉不成欢惨将别，别时茫茫江浸月。
忽闻水上琵琶声，主人忘归客不发。
寻声暗问弹者谁，琵琶声停欲语迟。
移船相近邀相见，添酒回灯重开宴。
千呼万唤始出来，犹抱琵琶半遮面。
转轴拨弦三两声，未成曲调先有情。
弦弦掩抑声声思，似诉平生不得志。
低眉信手续弹，说尽心中无限事。
轻拢慢捻抹复挑，初为《霓裳》后《六么》。
大弦嘈嘈如急雨，小弦切切如私语。
嘈嘈切切错杂弹，大珠小珠落玉盘。
间关莺语花底滑，幽咽泉流冰下难。
冰泉冷涩弦凝绝，凝绝不通声暂歇。
别有幽愁暗恨生，此时无声胜有声。
银瓶乍破水浆进，铁骑突出刀枪鸣。
曲终收拨当心画，四弦一声如裂帛。
东船西舫悄无言，唯见江心秋月白。
沉吟放拨插弦中，整顿衣裳起敛容。
自言本是京城女，家在虾蟆陵下住。
十三学得琵琶成，名属教坊第一部。
曲罢曾教善才伏，妆成每被秋娘妒。
五陵年少争缠头，一曲红绡不知数。
钿头云篦击节碎，血色罗裙翻酒污。
今年欢笑复明年，秋月春风等闲度。
弟走从军阿姨死，暮去朝来颜色故。
门前冷落鞍马稀，老大嫁作商人妇。
商人重利轻别离，前月浮梁买茶去。
去来江口守空船，绕船月明江水寒。
夜深忽梦少年事，梦啼妆泪红阑干。
我闻琵琶已叹息，又闻此语重唧唧。
同是天涯沦落人，相逢何必曾相识！
我从去年辞帝京，谪居卧病浔阳城。
浔阳地僻无音乐，终岁不闻丝竹声。
住近湓江地低湿，黄芦苦竹绕宅生。
其间旦暮闻何物，杜鹃啼血猿哀鸣。
春江花朝秋月夜，往往取酒还独倾。
岂无山歌与村笛，呕哑嘲哳难为听。
今夜闻君琵琶语，如听仙乐耳暂明。
莫辞更坐弹一曲，为君翻作《琵琶行》。
感我此言良久立，却坐促弦弦转急。
凄凄不似向前声，满座重闻皆掩泣。
座中泣下谁最多？江州司马青衫湿。","诗人借着琵琶女的不幸身世，抒发了对自身遭际的无限感伤和对黑暗政治的强烈愤慨。这首诗叙事曲折，篇幅宏大，为白居易的传世不朽之作。这首诗可分为三部分。
从开头到“东船西舫悄无言，唯见江心秋月白”为第一部分，描写与琵琶女的偶然相遇，及其弹奏琵琶的精湛技艺。
在凄凉的秋风中，诗人在江头送客。正在喝酒的时候，听见了琵琶弹奏的声音，他们不禁被吸引过去。作品由描写朋友话别到引出琵琶声及弹奏琵琶的女子，转接得极其巧妙。接下来描写琵琶女出场，“琵琶声停欲语迟”，“迟”字显示出琵琶艺人犹疑不决，似有隐衷，复又“千呼万唤始出来，犹抱琵琶半遮面”，这后一句描写女子羞答答的样子极传神巧妙，艺人的性别也不言自明。琵琶女终于开始弹奏了，在调弦定音后，“弦弦掩抑声声思，似诉平生不得志”，弦声低沉，似乎弹者有意掩藏、压抑内心的情感。每根弦都发出低沉忧郁的声音，每一声都寄寓着无限的哀思。这就为后面描述琵琶女的不幸身世作好了铺垫。
她的演技是精湛神妙的，诗人用“低眉信手续续弹”、“轻拢慢捻抹复挑”两句描绘其娴熟精到。作品接下来用复杂而又连贯、贴切而又优美的比喻，形象地描绘了琵琶声的美妙，节奏快慢转换的变化。窃窃私语，珠落玉盘，莺语花底，泉流冰下，这一连串精妙绝伦的比喻仿佛使读者亲耳听到了琵琶的声音。
从“沉吟放拨插弦中，整顿衣裳起敛容”至“夜深忽梦少年事，梦啼妆泪红阑干”是第二部分。写琵琶女自诉其辛酸的往事和眼下的不幸遭遇。从她的诉说来看，她本是个色艺俱佳的艺人，在年轻时嫁给了富家贵公子。那个时候的她穿金戴银，天天与富家公子饮酒作乐。然而荣华易失、容颜易衰，她被富贵子弟们抛弃了。因此她不得不“老大嫁作商人妇”，把自己的后半生寄托在商人身上。男人离家经商，妇人独守空闺，又成了她们这类人必然的结局。她原想嫁人，找个好归宿，借以慰藉自己的心灵，但愿望就这样落空了。
作品的最后一部分即是由歌女的沦落，联想到诗人自己的屡遭贬官。诗人和歌女“同是天涯沦落人”，他们都身怀绝技，各有非凡的才华，却又同样遭受到不公正的待遇，受到封建制度的遗弃和扼杀。作品强烈倾诉了作者对自己不幸贬官、壮志难酬的满腔悲愤。其中“同是天涯沦落人，相逢何必曾相识”一联，融议论于叙事之中，所含的哲理意蕴，耐人寻味，千百年来，一直被广为传诵。“其间旦暮闻何物？杜鹃啼血猿哀鸣”以杜鹃啼血和哀猿悲叫两个意象的描写，因景生情，较好地描绘出诗人羁旅在外而想念家乡的心情。
最后以琵琶女的二次演奏，诗人泪湿青衫收尾。所谓“满座重闻皆掩泣”，描绘音乐效果之动人，是上承第二段中对琵琶演奏的细致描写，而“江州司马青衫湿”，以作者泣泪最多，上承“同是天涯沦落人”的描写，由歌女的不幸，痛感自己的被贬，推己及人，既为琵琶女的不幸身世而泣，也为自己而哭。",114000
望洞庭,刘禹锡,"湖光秋月两相和，潭面无风镜未磨。
遥望洞庭山水色，白银盘里一青螺。","这首诗是一首纯景物描写的诗。
诗人先从洞庭湖面写，再写湖中的青山，给我们呈现出一幅绝美的山水画。
“湖光秋月两相和”，寂静的晚上，明亮的月光洒在湖面上，把洞庭湖的水照得闪闪发光。一个“和”字足见诗人用字的精练，表现出水和月光融为一体。
“潭面无风镜未磨”，在没有风的时候，月光照着安静的湖面，看起来就像一块平平的镜子。这一句的描写极具静态美。
最后一句，诗人放眼望去，整个洞庭湖就像一个白银盘子，而洞庭湖里的山就像是盘子里的一个青螺。",243000
菊花,元稹,"秋丛绕舍似陶家，遍绕篱边日渐斜。
不是花中偏爱菊，此花开尽更无花。","菊花不像牡丹和兰花那样高贵美丽，但是，它却是在霜降的时候开放；再加上“晋陶渊明独爱菊”，所以，菊花历来颇受文人偏爱。
诗的前两句写出了菊花开放时的情景，朵朵菊花围屋而开。这不禁让人联想到，是不是到了陶渊明家。看着这盛开的菊花，诗人情不自禁，“遍绕”篱笆欣赏起菊花来，高兴之余，连天快黑了都不知道。
前两句和别的咏物诗没有什么不同，不过是描写了菊花满园盛开的样子，关键就在最后两句：不是花中偏爱菊，此花开尽更无花。这句诗道出了诗人喜爱菊花的原因。大多数的花都是春天开放，凋零得也快，春夏的时候就全部凋谢了，而菊花却是在秋天怒放，也是百花之中最后凋谢。一旦菊花也凋谢，一年里便再也看不到花了，作为最后的花朵，人们对其自然喜爱有加。
诗人从菊花在四季中谢得最晚这一自然现象，引出深微的道理，回答了爱菊的原因，表达了诗人特殊的爱菊之情。其中，当然也含有对菊花历尽风霜而后凋的坚贞品格的赞美。
这一首极为常见的咏花诗，在诗人的笔下却写出了新意。诗人用谢得最晚说明了爱菊的原因，显得极为新奇，不拘一格。",87400
剑客,贾岛,"十年磨一剑，霜刃未曾试。
今日把示君，谁有不平事？","贾岛这首诗构思惊奇，诗人愿意化作一把利剑来实现自己的抱负，铲除人间的不平事。前两句的意思是：花了“十年”的工夫，精心制造了一把绝世好剑。这把锋利无比的宝剑，还没有试过锋芒。
最后两句：今天有幸遇到了你这样的侠客，我就把剑送给你吧！若有人敢做坏事，你就执此剑杀了他，看看还有谁敢做不平之事。实际上，诗人也在拿“剑”自喻，表明诗人急于建功立业的心情。
诗人把自己“十年寒窗苦读”喻为“磨了十年剑”，把自己的才华和学识喻为“利剑”，甘愿为“君”所用，作出一番事业。用语独辟蹊径、不拘一格。全诗语言虽然平淡，但极具思想性，诗人完美地把思想性和艺术性统一了起来。",156000
山行,杜牧,"远上寒山石径斜，白云深处有人家。
停车坐爱枫林晚，霜叶红于二月花。","这首诗是诗人从自己的旅行途中截取的一个小片段，描绘了诗人在山上游玩时的所见所闻。
第一、第二句写山路弯弯曲曲，长长的山路一直绵延到山顶；“白云深处有人家”，向山上望去，朵朵白云漂浮在半空；半山腰上，竟然有几缕炊烟升起，诗人也大为惊奇，山里竟然还住着人家。
第三句笔锋一转，写到了“枫林”。但自己停下来主要是因为热爱枫林的景色，并不是仅仅因为前两句叙述的山里景色之美停留下来。诗人为什么喜爱枫林远胜于前面两句描述的景色呢？
我们在第四句中找到了答案：“霜叶红于二月花”。枫叶在夕阳的照耀下，像染上了红色一般，这令诗人感到极其惊喜。试想，在万物萧索的秋天，突然看到比花儿还要红的枫叶，任谁都会激动。
诗人并不像以前的文人，对秋天的描写极尽萧条与凄凉，反而表现了自己积极向上的心态。不过，在他之前的刘禹锡也曾写过一首诗，是专门盛赞秋天的，叫《秋词》：“自古逢秋悲寂寥，我言秋日胜春朝。晴空一鹤排云上，便引诗情到碧霄。”两诗都是盛赞秋天之美，有异曲同工之妙。",301000
韩冬郎即席为诗相送，一座尽惊。他日余方追吟“连宵侍坐徘徊久”之句，有老成之风，因成二绝寄酬，兼呈畏之员外（其一）,李商隐,"十岁裁诗走马成，冷灰残烛动离情。
桐花万里丹山路，雏凤清于老凤声。","这首诗题目很长，因为题目说明了作诗的原因。韩冬郎，是指晚唐诗人韩偓。李商隐和韩偓的父亲韩瞻是故交和连襟。当年，李商隐离开京城去梓州，友人设宴相送，当时韩偓才十岁，在别宴上即席赋诗，才华使在座之人无不惊叹。后来，李商隐返回长安，追忆往事，重新看韩偓题赠的诗句，写了两首七绝酬答。这是其中的第一首。
开头两句写酒宴将要结束时，“冷灰残烛”，蜡烛烧残了大半，烛芯的灰烬也冷却了，这种场景触动了酒宴上来送别的人们的离别之情。这种惨淡的气氛，让十岁的冬郎诗兴大发。“走马成”飞快地挥写成一首送别诗。开头两句是在回忆当年的情景，因为这首诗的主题是酬答冬郎，重点是要突出冬郎题诗，所以只是简单地交代了别宴的情况。
记述完当年的事，就要转入对冬郎的评价、赞叹了。诗人联想到，传说中的凤凰产在丹山，喜欢栖息在梧桐树上。于是便构成了一幅让人心驰神往的景象：遥远的丹山路上，覆盖着美丽的桐花，花丛中不时会传来凤凰的鸣叫，年幼的凤凰清脆圆润，年老的凤凰沧桑清亮，与年老的凤凰相比，年轻的凤凰叫得更为悦耳动听。将韩瞻、韩冬郎父子比作凤凰，以“雏凤清于老凤声”表明青出于蓝，把抽象的道理说得具体而又形象，生动而又不落俗套。这番描写使冬郎的峥嵘年少和俊拔诗才都跃然纸上了。
本来酬答诗很容易落得平凡，但是诗人凭着对后辈的真切情意写出了“雏凤声清”的名句，使得这首诗历来传诵不衰。这也得益于李商隐诗歌婉曲达意的表现形式，他能驰骋想象，并能成功地将实事、实情转化为虚拟的情境、画面。",15300
雨霖铃,柳永,"寒蝉凄切，对长亭晚，骤雨初歇。都门帐饮无绪，留恋处、兰舟催发。执手相看泪眼，竟无语凝噎。念去去、千里烟波，暮霭沉沉楚天阔。
多情自古伤离别，更那堪、冷落清秋节！今宵酒醒何处？杨柳岸、晓风残月。此去经年，应是良辰好景虚设。便纵有千种风情，更与何人说？","这首词是柳永的代表作，抒发了离愁别绪，以其高超的艺术表现，历来受到词作家们的赞誉。
开篇先写离别的环境，“寒蝉凄切，对长亭晚，骤雨初歇”，只用十二个字，送别的季节、时间、地点，还有清冷的气氛，都一一写到了。让人身临其境，仿佛能感受到离人心中的痛苦。离别环境中的每一个局部的选择，也都衬出了离人黯然销魂的心绪。
“都门帐饮无绪”，在送别的路上，亲友为远行者设帐备宴饯行。可是离人想到要远离繁华的京师，到遥远的南方去，心头惆怅，根本无心喝酒。因为要与心上人分别，作者此刻更加难受，依依不舍时就会觉得时间飞逝，想说的话还没有来得及说，船工已经喊着要开船了。马上就要分开，描写转入了人物的表情动作：“执手相看泪眼，竟无语凝噎。”彼此紧紧地握住对方的手，深情注视着彼此，眼中充满泪水，悲伤难过，一句话也说不出来。难舍之情溢于言表。作者只记下了这一刹那离别的悲哀情景，就转而补充描述瞻望前程时内心的活动：“念去去、千里烟波，暮霭沉沉楚天阔。”此去水路漫长，从汴京到楚地，须经“千里烟波”，南望“暮霭沉沉”的天空，路途真是遥远啊！“暮霭”渲染了前途茫茫的凄然心情。
上阕叙述离别之事，具体描绘了别时的情景；下阕转为抒情，层层揭示了自己内心的活动。从前人说到自身，“多情自古伤离别”，自古以来多情之人在离别时就无限感伤，因为我也多情，自不能例外。“更那堪”推进了一层，说何况现在正是悲秋之时呢！秋天，草木摇落凋零，气氛凄凉冷落，和离别后独自漂泊于千里之外的人事是一样的，离别已经使人惆怅难解，如今还正是凄冷的秋天，让人情何以堪。接下来是全篇中最精彩的句子：“今宵酒醒何处？杨柳岸、晓风残月。”在即将分离的时刻，说出对登舟离岸之后情况的预测，写实了想象中浮现的虚景。虽然因为离别，无心饮酒，但因为难过还是喝了不少，醉着上了船，酒醒之后，发现船不知已经航行多远了，船舱外残夜将尽，岸上晓风衰柳，天边落月西斜。此处的渲染使离别的冷落更有感染力了。
此词立足于临别难舍那一刻，写景叙事，没有着重描写离别的过程，而是以心理活动去扩展境界，情感的抒发也步步推进，很有层次。",102000
苏幕遮,范仲淹,"碧云天，黄叶地。秋色连波，波上寒烟翠。山映斜阳天接水，芳草无情，更在斜阳外。
黯乡魂，追旅思。夜夜除非，好梦留人睡。明月楼高休独倚，酒入愁肠，化作相思泪。","这是一首描写羁旅乡愁的词，抒发了作者秋天思乡怀人的感情。这首词写得极为婉约，与范仲淹一贯豪放豁达的风格大相径庭。
上阕写景，借秋天的景物为下阕抒发远别之情作铺垫。“碧云天，黄叶地。”从大处着墨，天地景物尽收眼底，苍茫肃穆之感跃然纸上，“碧”、“黄”二字形成鲜明的对比，更增加了秋季苍凉的感觉。王实甫的《西厢记》中，莺莺在“长亭送别”一幕的精彩唱词就是由此引用而来的。“秋色连波，波上寒烟翠。”秋色向远处延伸，一直连接到天边的江水。江水之上，笼罩着一层翠绿色的寒烟。烟雾本该是白色的，但在浩淼的江水的衬托下，也就变成翠绿色了。这句话大有“秋水共长天一色”的气势。“山映斜阳天接水”这句是远景描写。水天相接处，斜阳映照着山峰。“斜阳”点明时间已经是傍晚时分了，给人以一种惆怅的感觉，为下阕写乡愁又增加了浓墨重彩的一笔。“芳草无情，更在斜阳外。”芳草经常被用来抒发离愁别绪，李煜在《清平乐》中写道：“离恨却如春草，更行更远还生。”芳草一直绵延到千里之外的故乡，可是人呢？只能把思乡之情郁积在心中了。这句话把伤感的情绪推向顶峰。
下阕抒情。“黯乡魂，追旅思”直接写出了作者心中的怀乡之情和羁旅之思。“黯”字既写出了作者的心境，也与上阕的景物描写有一个很好的呼应。江淹在《别赋》中写道：“黯然销魂者，唯别而已矣。”只有离别才会让人黯然神伤。“夜夜除非，好梦留人睡。”回到故乡，与亲人团聚，多么美好的事情啊，可是要实现它只能在梦里了！或许，并不是每个夜晚都能做到这样美好的梦。这句话又从侧面烘托了思乡之情。“明月楼高休独倚。”明月、高楼，这些意象都是用来表达相思之情的，在这样的良宵美景中“独倚”，不知道有哪个人能够经受得住？所以作者只好自己劝说自己，以免更加伤心。“酒入愁肠，化作相思泪。”每个人都知道“借酒浇愁愁更愁”的道理，但此时此刻，除了酒又有什么东西能够排遣离愁别绪呢？“相思”二字有力地点明了全词的主旨，全词至此结束，但作者无限的相思之情却远远没有结束。",760000
蝶恋花,欧阳修,"庭院深深深几许？杨柳堆烟，帘幕无重数。玉勒雕鞍游冶处，楼高不见章台路。
雨横风狂三月暮，门掩黄昏，无计留春住。泪眼问花花不语，乱红飞过秋千去。","这首词写的是闺中少妇的伤春之情。
上阕第一句用问句开头，连用三个“深”字，写出了闺阁之深，也写出了闺中少妇哀怨的心理。用三个“深”字强调闺阁的深邃非常贴切自然。“杨柳堆烟”、“帘幕无重数”都是用来回答庭院之深的。杨柳堆起青烟，帘幕多得数也数不过来，都是对“深”字的具体阐释。前三句有问有答，结构紧凑严密，少妇深锁闺中的哀怨之情尽显无遗。闺阁之深，可见封建礼教对妇女的束缚之强，作者在这里对封建礼教进行了无情的控诉。“玉勒雕鞍游冶处，楼高不见章台路”，丈夫是多么薄情啊！只顾着一个人游玩享乐，把妻子留在深闺之中。少妇登上高楼也望不见丈夫的踪影。深居闺中的少妇与外出游玩的丈夫形成了鲜明的对比，从而更加突出了少妇的苦闷心理。
下阕前三句是虚景，“雨横风狂”用来比喻封建礼教的无情，“横”、“狂”二字用得十分形象生动。“门掩黄昏”，少妇留住青春年华与往昔欢乐的做法只是徒劳一场。少妇的举动看着让人心酸不已，从而更加有力地控诉了封建礼教的残酷和丈夫的薄情。“无计留春住”，少妇的青春年华遭到了无情的摧残，往昔的恩爱缠绵和幸福欢乐也都一去不复返了。“无计”二字，可以看出少妇是多么怀念往昔快乐的生活，而目前的处境又是多么无奈。“泪眼问花”，“花”是饱受“雨横风狂”摧残的花，也就是她自己的真实写照。“泪眼问花”是她自怜自叹之语。“花不语”，这里“此时无声胜有声”，细致地刻画了少妇心里的苦闷和哀怨无处发泄的情景。“乱红飞过秋千去”，这是少妇命运的真实写照，也是对“泪眼问花”作出的解答。“秋千”是当初夫妻二人嬉戏的证据，用过去美好的事物和目前悲惨的处境形成强烈的对比，更显得少妇心中的哀怨是多么强烈。",80000
桂枝香,王安石,"登临送目，正故国晚秋，天气初肃。千里澄江似练，翠峰如簇。征帆去棹残阳里，背西风、酒旗斜矗。彩舟云淡，星河鹭起，画图难足。
念往昔、繁华竞逐。叹门外楼头，悲恨相续。千古凭高，对此谩嗟荣辱。六朝旧事如流水，但寒烟衰草凝绿。至今商女，时时犹唱，《后庭》遗曲。","这首词结构中规中矩，上阕登临写景，下阕怀古抒情。
开头登高望远之事，只用四字，便转入写景。在草木摇落的晚秋，登上六朝故都——金陵，环境氛围正适合怀古。金陵潮打石城，枕大江是其特色，作者描写所见之景也主要以江水为主。因为是在傍晚时分，斜阳返照，千里长江看去白洋洋的，再加上江水平静、澄澈，故在作者眼里长江犹如白练。“澄江似练”、“翠峰如簇”，一幅山水图画已经略有框架。江面船只，岸上酒旗就是这幅画的点缀。“归帆”一句的描写非常贴合实际，为什么用“背”呢？风从西来，旗往东飘；又为什么是“斜矗”呢？旗杆都绑在柱子上或树杈上，有风吹来，所以总是歪斜的。而“彩舟云淡，星河鹭起”描写的简直就是人间天堂：天边几抹淡云，水中几条小船，远望就好像船是行在天上；长江如练，就好像天上的银河，这样的景色真是“画图难足”。
下阕以“念往昔”领起，怀古抒情。举陈叔宝与张丽华事为史鉴，表达了词人对六朝的繁华的追忆和终至亡国的悲恨。杜牧诗《台城曲》中有“门外韩擒虎，楼头张丽华”，作者用“门外楼头”隐括了唐诗的含意，用词简洁精炼，使兴衰荣枯形成鲜明的对比，“叹”则表明了自己的思想倾向。上阕首句写“登临送目”，下阕又将时间延伸，写“千古凭高”，表明历来无数的登临者都会有相同的感慨。“荣辱”二字，对应繁华和悲恨，包含了作者对历史的种种感叹。想起“六朝旧事”，看到眼前的“流水”、“寒烟”、“衰草”，任人事变幻无常，大自然的景物仍一如既往。末两句引自杜牧的诗“商女不知亡国恨，隔江犹唱《后庭花》”，因为此情此景使作者产生了与杜牧相类似的感慨，同时也照应了前文提到的陈后主的史事。
王安石词作不多，影响也不及诗、文。在他为数不多的词中，这绝对是一首出色的佳作。",24500
水调歌头,苏轼,"明月几时有，把酒问青天。不知天上宫阙，今夕是何年。我欲乘风归去，唯恐琼楼玉宇，高处不胜寒。起舞弄清影，何似在人间。
转朱阁，低绮户，照无眠。不应有恨，何事长向别时圆？人有悲欢离合，月有阴晴圆缺，此事古难全。但愿人长久，千里共婵娟。","这是苏轼最有盛名的词作之一。
题序中写明“欢饮达旦，大醉”等语，上阕写的就是醉中望月。醉后的苏轼进入了一种翩然欲仙的精神状态，对着空中明月提出了“几时有”、“是何年”这样无法回答的问题。幻想中的天上仙境美轮美奂，吸引着他放弃凡尘，但此刻的苏轼虽醉犹醒，吸引着他出世，经一番考虑后，仍选择了现实。“琼楼玉宇”豪华奇丽，但高高在上，没有世间的人情，太过寒冷。借着醉酒，苏轼月下起舞，醉态逸兴，说明他认为人间自有可乐之处，表达了他旷达乐观的人生态度。
这首词因怀念亲人而作，中秋之时，皓月当空，当然加深了这种思念。下阕便表达了对弟弟苏辙的思念。苏轼与苏辙手足情深，写这首词时，兄弟两人已有六年未见。他从人间普遍存在的现象写起，“转朱阁，低绮户，照无眠”说闺阁中望月怀人，无法安眠的人不计其数。“不应”两句埋怨月亮，勾起人们的离别感伤，好像无理取闹，却饱含深情。借同情天下分别的人，表达了自己此刻的心情。然后又以旷达之语作答，安慰弟弟也安慰自己。最后顺理成章地以祝愿作结。月亮阴晴圆缺，人世悲欢离合，都不是个人所能掌控的，自己能做的就是保重身体、心情愉悦。只要人在，就可以让明月传情，好像亲人就在身边。",499000
水龙吟,苏轼,"似花还似非花，也无人惜从教坠。抛家傍路，思量却是，无情有思。萦损柔肠，困酣娇眼，欲开还闭。梦随风万里，寻郎去处，又还被莺呼起。
不恨此花飞尽，恨西园、落红难缀。晓来雨过，遗踪何在？一池萍碎。春色三分，二分尘土，一分流水。细看来，不是杨花，点点是离人泪。","这是一首咏物词。
上阕名为咏物，实则说人。杨花名字是“花”，而且长在枝头，这样看来它是花，可是完全没有花的样子，长得就像棉絮，并且任它怎样飘落，也没有人怜惜，这样看来它又不是花。这首词就这样以讨论杨花算不算花开了个头儿。往下看，就会发现上阕既咏物又说人，作者是在以杨花“无人惜”，比喻人遭遇离别。“抛家傍路”，语带双关，杨花离枝比喻人离其家。“无情”是指草木，也常用来称呼离家之人。然而又说是“有思”，草木离枝会有愁思，离人也会有离愁别恨。由此可见，“抛家”三句是在用杨花比拟客居他乡之人，接下来的“柔肠”、“娇眼”，便是在比拟闺中思妇。上阕拟人而不离物，杨花的状态和离人的境况通过联想彼此贯通，非常巧妙。
到了下阕词人已放开手脚，虽然到最后都是在说杨花，但其实只是借杨花表达了心中的伤春之情。先说“不恨此花飞尽”，很快又说“但恨落红难缀”，直抒了伤春情怀。接着又回到杨花，晓雨之后，落入水中，铺满池沼，化作浮萍。“抛家傍路”地坠于“尘土”，此处则是付之流水。下阕的伤春主题已经很明确，下一句便用“三分”来归结“春色”，不管是杨花，还是“落红”都归于尘土，付诸流水了。作者一直在伤春、惜春，好像与上阕脱离了关系，其实伤春也是在感伤自己，作者会自我感伤还是因为离别，所以整首词内容是完全一致的。接下来的这一句将杨花比作离人的眼泪，也证明了这一点。
总之，整首词都在吟咏杨花，吟咏中有不断地表达出伤离别之情，描写精细、传神，一点儿都不做作。",52100
洞仙歌,苏轼,"
冰肌玉骨，自清凉无汗。水殿风来暗香满。绣帘开，一点明月窥人，人未寝，敧枕钗横鬓乱。
起来携素手，庭户无声，时见疏星渡河汉。试问夜如何？夜已三更，金波淡、玉绳低转。但屈指、西风几时来，又不道流年，暗中偷换。","余七岁时，见眉州老尼，姓朱，忘其名，年九十岁。自言尝随其师入蜀主孟昶宫中。一日大热，蜀主与花蕊夫人，夜纳凉摩诃池上，作一词，朱具能记之。今四十年，朱已死久矣，人无知此词者，但记其首两句，暇日寻味，岂《洞仙歌》令乎？乃为足之云。
这是一首模拟蜀主携花蕊夫人盛夏之夜在摩诃池上纳凉情景的词。
开头通过对花蕊夫人如冰似玉的丽质风姿的描写，从侧面反映了当时天气的炎热。这一句起到了上下对应的作用，天气炎热对应了题序中的“大热”，也和下阕要走到外面去纳凉相呼应。“水殿风来暗香满”，一方面写纳凉的宫殿舒适的环境和美丽的景色；另一方面，由“水殿”可知宫殿是建在水上的，而夏日的“暗香”则说明水里荷花正盛开，水指摩诃池。“绣帘开”数句，是以“明月”的角度，从打开的窗帘看室内，就好像有一个人从高处在往下看，所以用“窥”字。天气炎热，风物诱人，两情欢乐，所以人虽“敧枕”而“未寝”。
下阕写两人相伴深夜步出纳凉的事。“携素手”，可见两人含情脉脉的情状。“庭户无声”是因为“夜已三更”，此时已是深夜。“时见疏星渡河汉”，则可想象两人互相依偎，你侬我侬好像是在笑牛郎和织女还要隔银河相望。明月当空，水波荡漾，荷花飘香，这时出来纳凉，还要问“夜如何”，两人便并肩偎依、仰望夜空看“金波淡，玉绳低转”了。
最后两句耐人寻味。表面写他们计算着再过多少天，天气就转凉了，却不知时间已暗自流逝，季节转换已经在进行了。实际是在说蜀主与花蕊夫人的安逸享乐，只是美梦一场，想冷想热只随自己感受，殊不知时光已在流逝。“流年暗中偷换”说明热的日子没几天了，暗示快要亡国了，荣华享乐，真的是梦一样，对于亡国之悲有无限的叹息。清词中显出哀音，表露了作者人生如梦的思想。",702000
卜算子,苏轼,"缺月挂疏桐，漏断人初静。谁见幽人独往来？缥缈孤鸿影。
惊起却回头，有恨无人省。拣尽寒枝不肯栖，寂寞沙洲冷。","北宋也有文字狱，苏轼的诗文曾被人指控为“愚弄朝廷”、“指斥乘舆”，他因此获罪，差点性命不保，后来被赦免，贬为检校水部员外郎、黄州团练副使。这首词就是他被贬职，居住黄州期间所作的，表达了自己当时的寂寞心情。
上阕描写在夜里零落的树枝间看到的一轮半月的景象。“独来往”的“幽人”就是他自己，再加上“谁见”着意强调了他现在孤独寂寞的处境。孤鸿是表示清高孤傲的传统意向，张九龄的《感遇》中有“孤鸿海上来，池潢不敢顾”，杜甫也曾作《孤雁》诗以自托，苏轼借用了前人的诗意，用“缥缈孤鸿影”比拟自己的行止，把心声写成词抒发了自身的遭际感慨。
下阕撇开定惠院的夜景和作为主体的自己，索性只写孤鸿。这本来是不合常规的结构章法的，但是苏轼文章精妙，感情和文字可任意发挥，不是条条框框能限制的。苏轼因被诬陷获罪而遭到贬黜，但他不肯同流合污、滥官媚俗，所谓“拣尽寒枝不肯栖”可见其有所不为，对应了上文“孤鸿”意象的清高孤傲，所以他只能自己独居定惠院，忍受这寂寞寒冷的处境。黄庭坚很赞赏这首词的风格神韵，称其“语言高妙，似非吃烟火食人语”。",229000
临江仙,苏轼,"夜饮东坡醒复醉，归来仿佛三更。家童鼻息己雷鸣，敲门都不应，倚杖听江声。
长恨此身非我有，何时忘却营营？夜阑风静縠纹平。小舟从此逝，江海寄余生。","这首词还是作于苏轼被贬居住黄州的那个时期。《苏诗总案》中记载：“元丰五年（1082年）九月‘雪堂一夜饮，醉归临高做《临江仙》词’。”这首词记述了一次夜间在雪堂饮酒，醉后回临皋住所的事情以及当时的萧飒的心情。
上阕记事。说喝醉后，回到住所已是深夜，自己被关在门外。苏东坡并不擅长饮酒，稍微喝点儿就会醉，再加上心情苦闷，更容易喝醉。“醒复醉”，正说明已经有点醉意，神志开始模糊的状态。因为喝醉，确定不了回到家时是什么时间，所以说“仿佛”，但是他知道已是半夜。接下来的三句运用反衬的手法写出了深夜的一片寂静。自己被关在门外，听见家童雷鸣般的鼻息，还清晰地听见自己的敲门声和江水声，句句有声，反而更见其夜静。
下阕抒情。紧接着上阕的“倚杖听江声”抒发情感，自然而有意境。静夜中，历经坎坷曲折，如今已是迟暮之年的大诗人，独自倚杖伫立江边，听着沙沙的水声，往事萦绕心头。这时会有“长恨此身非我有，何时忘却营营”的感叹，坦诚而真实，能激起许多人的同情和共鸣。“夜阑风静縠纹平”一句又重新写景，既起到了推移时间、隔开前后情语的作用，又是借景寓情，抒发了作者对宁静生活境界的向往。最后一句表达了作者心里的愿望，同时也和眼前的景物相接。“小舟从此逝，江海寄余生”描写潇洒的生活，却又有一种浓重的悲凉意味，是因为作者心里清楚，那样的生活没有实现的可能性。",104000
定风波,苏轼,"
莫听穿林打叶声，何妨吟啸且徐行。竹杖芒鞋轻胜马，谁怕！一蓑烟雨任平生。
料峭春风吹酒醒，微冷，山头斜照却相迎。回首向来萧瑟处，归去，也无风雨也无晴。","三月七日，沙湖道中遇雨，雨具先去，同行皆狼狈，余独不觉。已而遂睛，故作此。
这首诗还是作于被贬黄州期间。题序交代了写这首词的背景：有一天，自己与友人们从沙湖看田回来，途中遭遇了一场雨，因为雨具事先叫人拿回去了，同行者都狼狈不堪，只有自己不觉得狼狈，天放晴之后，就写了这首词。苏轼命运坎坷，但本词通过对晴雨态度的记述，表现了自己不患得失、任其自然和旷达乐观的胸襟。
上阕写雨中行走。通过写自己对待风雨满不在乎，显示了他超然的态度，非常具有表现力。“竹杖芒鞋轻胜马，谁怕！”怡然自得，又有几分孤傲。“一蓑烟雨任平生”，看到“烟雨”想到平生经历，表明风雨是有象征意义的，象征着人生的坎坷不平。
下阕写转晴之后。因为有“春风”所以雨被吹散了，刚觉得有点冷，马上就斜照当头了。大自然阴晴不定，造化弄人，可见祸福也不是人能掌握的，不如随它去吧！末句好像佛家参禅的语句：本无风雨，所以无所谓是晴是阴，将利害得失全都泯灭，表现了苏轼坦荡的胸怀。",214000
江城子,苏轼,"十年生死两茫茫，不思量，自难忘。千里孤坟，无处话凄凉。纵使相逢应不识，尘满面，鬓如霜。
夜来幽梦忽还乡，小轩窗，正梳妆。相顾无言，唯有泪千行。料得年年肠断处，明月夜，短松岗。","这是一首思念亡妻的词。写这首词时，苏轼已经四十岁了，而他的妻子王氏逝世正好十年。
开始时先交代夫妻生死隔绝已有十年，接着说“不思量，自难忘”，思念之情真挚而痛切。“千里孤坟，无处话凄凉”，因为亡妻所葬之地遥远，苏轼体贴亡妻处境的孤单凄凉。后三句开始说到自己，苏轼知道要和亡妻再见已是不可能的了，所以在“相逢”前用了“纵使”，事情没可能发生，但感情却真实存在。他们天人相隔之时，彼此都还年轻，而苏轼在这十年中历经坎坷，四处任职，落得蓬头垢面，未老先衰，即便是最亲近的人见了都认不出来，浸透着人生的悲哀。
下阕记梦。有这样一种说法，在梦中可与死去的人相逢，所以上阕假设“相逢”，下阕便希望能在梦中与妻子相见。作者梦见的“小轩窗，正梳妆”，应是以前他们共同生活时经常有的情景，也许这其中有过些美好的回忆，然而这次日常的相见竟是相顾无言、泪如泉涌，心里有很多话要互相倾诉，可是到这时却无从说起，然而无声胜有声，感人至深。结尾处，作者还是在体谅亡妻，感念她自己远葬在千里之外，只能看到深夜明月照在短松冈头，不管多么孤独、凄凉，都无处诉说，充分表现了对不幸早亡的妻子的爱怜、体贴的深情。",483000
望海潮,秦观,"梅英疏淡，冰澌溶泄，东风暗换年华。金谷俊游，铜驼巷陌，新晴细履平沙。长记误随车，正絮翻蝶舞，芳思交加。柳下桃蹊，乱分春色到人家。
西园夜饮鸣笳。有华灯碍月，飞盖妨花。兰苑未空，行人渐老，重来是事堪嗟。烟暝酒旗斜。但倚楼极目，时见栖鸦。无奈归心，暗随流水到天涯。","这首词是怀旧之作。
头三句写眼前所见之景，正值初春，刮起了东风，梅花开了，冰雪融化。“暗换年华”揭示了整首词的主旨。感慨完年华暗换，接下来就开始回忆往昔了，之所以说是在回忆往昔是从后面的“长记”看出来的。本来“长记”两字应领起“金谷”三句，但因为要适应词的格式和对偶，所以放在了后面。“金谷”三句笼统地写往日的回忆。“误随车”记述的是印象中一次具体的事情，用“长记”二字可见其印象特别深刻，“误随车”写自己当时的风流狂放。“正絮翻蝶舞，芳思交加”，写此刻骚动的春心和翻飞的柳絮、蝴蝶一样狂乱，紧接前一句的风流狂放，春景怡人，人们纷纷出来观赏，将柳树、桃树下踏出一条小路来，使得沿途的人家也都能享受这春色美景。“乱分”二字用得奇妙且富有想象力。
下阕仍继续写昔日情景，记述了热闹至极的夜宴。“西园”、“飞盖”都出自曹植的诗句，然后又略带夸张地形容了一番“碍月”、“妨花”，写得富丽华贵、热闹非凡，可见作者当时其乐无穷。夜晚都这样，白昼的盛况就不言自明了。这里极尽渲染之能事，是为了与下文形成巨大的反差。前面越热闹，后面越凄凉。“兰苑未空，行人渐老”，一句既完成了时间上的转换，又完成了内容上的承转，说明很快地“暗换年华”，物是人非了，“重来是事堪磋”，重游此地事事都只能引起感叹了。现在能看到的只是“烟暝酒旗斜”、“时见栖鸦”这般冷落萧条的景象，与昔日夜宴的热闹相比会发感叹是人之常情，此情此景会想念家乡也会是很自然的。结尾处“暗随流水”和“冰澌溶泄”遥相呼应，“春色到人家”和“流水到天涯”相对比，给人以无限苍茫之感。",15100
蝶恋花,周邦彦,"月皎惊乌栖不定。更漏将残，轳辘牵金井。唤起两眸清炯炯，泪花落枕红棉冷。
执手霜风吹鬓影。去意徊徨，别语愁难听。楼上阑干横斗柄，露寒人远鸡相应。","这是一首抒发离愁别绪的词。词的前三句写了受惊的乌鸦啼叫声、将尽的更漏声和井边的轳辘声，给人一种萧索惆怅的感觉，为全词定下了悲伤的基调。远行的人心情沉重，所以会被这种不太吵闹的声音“唤起”，既然是被“唤起”，为何会“两眸清炯炯”呢？如果昨天甜蜜入睡今被“惊醒”，一定会睡眼惺忪，而远行之人心情沉重，难以成眠，一夜迷离后被“唤起”才会出现这种情况。这五个字看似简单，实际则包含着深刻的意味。马上就要走了，心中自然有万分不舍，所以就不自觉地落泪了，而且浸湿了枕头，脸与枕头接触后就觉得“冷”。
词的下阕写离别之时及之后的情景。前三句将离别前依依不舍的心情刻画得惟妙惟肖。“执手”让人想起柳永的“执手相看泪眼”，它们都是写离别的词句，但“霜风”和“鬓影”让人觉得在离别的痛苦中又多了几分哀伤。“去意徊徨，别语愁难听”，这两句写了离别前的动作，并通过动作表达出离人欲留还走的复杂心态。“楼上阑干横斗柄，露寒人远鸡相应”，这两句写的是离别之后的景象，离人远去，但一边走一边回望女子所住的高楼，天色逐渐亮了起来，寒露袭人，鸡鸣声响起，人越走越远了。一组凄凉的景象衬托出离人的寂寥落寞之感。最后以景结束全词，会给人一种“言有尽而意无穷”的感觉。",38600
满江红,岳飞,"怒发冲冠，凭阑处，潇潇雨歇。抬望眼，仰天长啸，壮怀激烈。三十功名尘与土，八千里路云和月。莫等闲、白了少年头，空悲切！
靖康耻，犹未雪；臣子恨，何时灭？驾长车，踏破贺兰山缺。壮志饥餐胡虏肉，笑谈渴饮匈奴血。待从头，收拾旧山河，朝天阙。","这是一首气壮山河、千古传诵的名篇佳作。但关于这首词的作者，向来有一些争论。有人认为它不是岳飞所作，而是后人托岳飞之名伪作的。理由有下面几条：一是因为这首词最早没有出现在宋人编辑的词集里，而是出现在了明代的词集里；二是因为岳飞之孙在编纂岳飞的作品时没有收录这首词；三是因为词中“踏破贺兰山缺”一句与史实不符。
不管这首词是不是岳飞所作，我们都不能否认它的价值。那些争论还是留给史学家和考古学家去处理吧！我们就不作过多的解释了。
这首词中洋溢着爱国主义激情和大无畏的精神。前四个字“怒发冲冠”，表明了作者心中的怒火之强和仇恨之深。开篇写得气势磅礴，让人热血沸腾。“三十功名尘与土，八千里路云和月”，这是作者人生观的体现，虽然只有十四个字，但作者的爱与恨、追求与厌恶都讲得明白透彻。“莫等闲、白了少年头，空悲切”，这几句话具有承上启下的作用，表达了作者希望收复失地的急切心情。
靖康年间的奇耻大辱，到现在还没有得到昭雪。作为国家臣子的愤恨，何时才能泯灭！我要驾上战车，踏破贺兰山缺。我满怀壮志，发誓喝敌人的鲜血、吃敌人的肉。作者的气势是多么地恢弘啊！这深刻地表明了他要为国收复失地，一雪前耻的决心。以“待从头，收拾旧山河，朝天阙”这几句话结尾，既表达了作者取得胜利的信心，也表达了对大宋王朝的忠心。",162000
贺新郎,辛弃疾,"绿树听鹈，更那堪、鹧鸪声住，杜鹃声切。啼到春归无寻处，苦恨芳菲都歇。算未抵、人间离别。马上琵琶关塞黑，更长门、翠辇辞金阙。看燕燕，送归妾。
将军百战身名裂，向河梁、回头万里，故人长绝。易水萧萧西风冷，满座衣冠似雪。正壮士、悲歌未彻。啼鸟还知如许恨，料不啼清泪长啼血。谁共我，醉明月？","这是辛弃疾写给族弟的一首送别词，寄寓了作者忧国忧民的深情。
词的开头几句：“绿树听鹈，更那堪、鹧鸪声住，杜鹃声切”，写了送别族弟是在春夏相交之时，可以听到三种鸟叫。这三种鸟的叫声能够引起伤春和别恨，作者以这三种鸟的叫声开篇，为全文定下了悲伤的基调。之后用拟人化的手法写鸟儿也“苦恨”、“春归”、“芳菲都歇”，接着用“算未抵、人间离别”点出主题。“马上琵琶关塞黑，更长门、翠辇辞金阙”两句，写了两件事：一是王昭君远嫁呼韩邪单于；二是汉武帝的陈皇后辞别汉宫。“看燕燕，送归妾”，写的是春秋时卫庄公之妻庄姜；“将军百战身名裂，向河梁、回头万里，故人长绝”，写的是汉武帝时期的将领李陵抗击匈奴被迫投降，败坏了他家的名声；“易水萧萧西风冷，满座衣冠似雪。正壮士、悲歌未彻”，写的是战国时燕太子丹在易水边送荆轲入秦行刺秦王的故事。作者写这些故事，表达了沉重、悲壮的心情。“啼鸟还知如许恨，料不啼清泪长啼血”，这两句起到承上启下的作用，是说如果啼鸟知道了以上几件事，一定不会在啼叫的同时流泪了，流出的应该是血。“谁共我，醉明月”，结束上面的想象和描写，转入送别茂嘉十二弟这一主题，结束全篇。
陈廷焯在《白雨斋词话》中这样评价这首词：“稼轩词自以《贺新郎》一篇为冠，沉郁苍凉、跳跃动荡，古今无此笔力。”应该说，他的评价是十分准确的。",34400
水龙吟,辛弃疾,"楚天千里清秋，水随天去秋无际。遥岑远目，献愁供恨，玉簪螺髻。落日楼头，断鸿声里，江南游子。把吴钩看了，栏杆拍遍，无人会，登临意。
休说鲈鱼堪脍，尽西风，季鹰归未？求田问舍，怕应羞见，刘郎才气。可惜流年，忧愁风雨，树犹如此！倩何人、唤取红巾翠袖，揾英雄泪。","这首词写于辛弃疾任建康通判之时，当时他怀有满腔报国热情，但却得不到重用，心中十分愤懑，偶然游览之机，写下了这首词，抒发了他报国无门、怀才不遇的悲愤之情。赏心亭位于建康，是秦淮河边上的一处名胜。
开篇“楚天千里清秋，水随天去秋无际”，写的是作者在赏心亭上登高远眺所见的景色。楚天千里，辽阔苍茫，一片秋色。大江流向天边，不知道哪里才是它的尽头。遥远天际，天水融会，气象宏大，笔力遒劲。“遥岑远目，献愁供恨，玉簪螺髻”，举目远眺，那重重叠叠的山峦好像美人头上的玉簪，又好像美人头上螺旋状的发髻，这几句是在描写作者遥望沦陷山河时的复杂心情。开头两句纯粹写景，而“献愁供恨”句，已经转入抒情，突出“仇”、“恨”二字。“落日楼头，断鸿声里，江南游子。把吴钩看了，栏杆拍遍，无人会，登临意”，这几句的意思是说，夕阳快要西沉，孤雁的声声哀鸣不时传到赏心亭上，更加引起了作者对远在北方的故乡的思念。他看着腰间空自佩戴的宝刀，悲愤地拍打着亭子上的栏杆，可是又有谁能领会他这时的心情呢？
下阕作者直接抒情言志。“休说鲈鱼堪脍，尽西风，季鹰归未”，这是作者引用的典故，表达了作者不会消极厌世的心态。“求田问舍，怕应羞见，刘郎才气”，作者又引用刘备的故事，表达了他不为名利、一心为国的豪情。“可惜流年，忧愁风雨，树犹如此”，这是作者感到青春年华匆匆逝去，眼看收复失地的愿望快要落空了，心中顿生虚度年华的感觉。“倩何人、唤取红巾翠袖，揾英雄泪”，这三句是写作者感觉到无人理解自己，得不到同情与慰藉，与上片“无人会，登临意”相呼应。
这首词意境慷慨悲壮，感情跌宕起伏，还运用了多种委婉含蓄的抒情手法，给读者留下了无限感慨。",69900
永遇乐,辛弃疾,"千古江山，英雄无觅，孙仲谋处。舞榭歌台，风流总被，雨打风吹去。斜阳草树，寻常巷陌，人道寄奴曾住。想当年，金戈铁马，气吞万里如虎。
元嘉草草，封狼居胥，赢得仓皇北顾。四十三年，望中犹记，烽火扬州路。可堪回首，佛狸祠下，一片神鸦社鼓！凭谁问，廉颇老矣，尚能饭否？","作者在调任镇江知府后，登临京口北固亭，慨叹报国无门，于是便写下了这首“怀古”名作。
这首词的题目为《京口北固亭怀古》，所以作者在全词开篇就写了镇江的历史人物——孙权和刘裕。孙权是三国时东吴之主，他面对曹操大军来袭毫无畏惧，顽强地击退了曹操大军，保卫了家园。刘裕是南朝时期的宋武帝，他曾在京口起兵讨伐桓玄，平定了叛乱。尽管他们都是历史上赫赫有名的大人物，但也经不起时间的摧残，不是“风流总被，雨打风吹去”就是“斜阳草树，寻常巷陌”，作者在这样的对比中给人以一种沧桑之感。这也表达了他希望主战派抓紧时间收复失地的愿望，讽刺和谴责南宋朝廷苟安求和的态度。
下阕“元嘉草草，封狼居晋，赢得仓皇北顾”，讲的是刘裕的儿子刘义隆不能继承父业，而是好大喜功，听信谗言，派兵北伐，结果一败涂地。可以看出，辛弃疾在这篇词中引用了很多古代的事例，为此，宋末词人岳坷和刘克庄质疑他用典太多，把文章写得艰涩难懂，其实辛弃疾用典都是十分必要和贴切的，而且寓意深远。
“四十三年，望中犹记，烽火扬州路”，这是作者有感而发，辛弃疾写这首词时距绍兴三十二年率众南归，正好是四十三年。渡淮南归，本打算凭借国力收复失地，没想到南宋朝廷昏聩无能，使他英雄无用武之地。时光荏苒，四十三年匆匆过去了，自己已成了白发苍苍的老人，而壮志依然难酬。“可堪回首，佛狸祠下，一片神鸦社鼓”，作者在这里表明了自己的隐忧：如今江北各地沦陷已久，不迅速谋求恢复的话，民众就可能安于异族的统治，忘记了自己是宋室的臣民。“凭谁问，廉颇老矣，尚能饭否”，作者以廉颇的故事结尾，表达了心中的愤懑之情。",82900
青玉案,辛弃疾,"东风夜放花千树，更吹落、星如雨。宝马雕车香满路。凤箫声动，玉壶光转，一夜鱼龙舞。
蛾儿雪柳黄金缕，笑语盈盈暗香去。众里寻他千百度，蓦然回首，那人却在，灯火阑珊处。","辛弃疾怀着满腔的报国热情，打算收复失地，但却总也不能得到重用。后来，他因为给孝宗上了《美芹十论》，才受到朝廷的重视，被调到京城做官。在京城观赏了元宵佳节的盛况后，他便写下了这首词。
词的上阕写元宵夜的盛况。“东风夜放花千树，更吹落、星如雨”，一簇簇礼花飞向天空，然后像流星一样落下来，一开头就把人带入节日的气氛之中。“东风”两个字点明了季节，也衬托出帝王之都的恢弘气象。“宝马雕车香满路。凤箫声动，玉壶光转，一夜鱼龙舞”，不论是达官贵人还是普通百姓，在这一夜都沉浸在节日的气氛中。
下阕仍然在写节日的气氛。“蛾儿雪柳黄金缕，笑语盈盈暗香去”，这一句写的是穿着节日盛装、戴着漂亮头饰的妇女都出来观灯，她们所过之处，留下了阵阵香气。“众里寻他千百度，蓦然回首，那人却在，灯火阑珊处”，作者在来来往往的众多女子中找自己的心上人，找了半天也没有找到，猛地一回头，发现她原来在昏黑幽暗的地方。作者表面上看好像在找一位女子，但其中还有更深刻的含义。那个洁身自好、不慕荣华、甘于寂寞的女子不正是作者精神人格的化身吗？王国维在他的《人间词话》中写道：“古今之成大事业、大学问者，必经过三种之境界：‘昨夜西风凋碧树。独上高楼，望尽天涯路。’此第一境也。‘衣带渐宽终不悔，为伊消得人憔悴。’此第二境也。‘众里寻他千百度，蓦然回首，那人却在，灯火阑珊处。’此第三境也。此等语皆非大词人不能道。”王国维把辛弃疾的这几句词看做成就大事业、大学问之人的最高境界，无疑是真知灼见。",1850000
菩萨蛮,辛弃疾,郁孤台下清江水，中间多少行人泪。西北望长安，可怜无数山。青山遮不住，毕竟东流去。江晚正愁余，山深闻鹧鸪。,"这首词是辛弃疾在孝宗淳熙三年任江西提刑，路过造口时所作，词中表达了作者深切的爱国情思。
“郁孤台下清江水，中间多少行人泪”，郁孤台下这赣江清澈的流水中有多少逃难行人的眼泪啊！“郁”有沉郁的意思，“孤”有巍然独立之感，用这两个字来形容高台，十分贴切地表达了高台巍峨耸立的感觉，显得气势无比磅礴。“行人泪”三个字，写出了造口当年的一段历史。当年受金人追击的隆裕太后（高宗的婶母）乘船到达造口，一路之上，皇室狼狈不堪，流亡的百姓更是妻离子散，苦不堪言。作者身处隆裕太后被追之地，自然会想起当年的往事，表达了对百姓的深切同情。“西北望长安，可怜无数山”，向西北眺望京城长安，但可惜的是它被无数山峦阻隔。在这里，“长安”借指北宋都城汴京。无数山峦阻隔比喻恢复故土面临着重重困难。作者的感情由对百姓的同情升华到对国家命运的担忧。
“青山遮不住，毕竟东流去”，无数山峦阻隔着去长安的路，但终究挡不住一江春水向东流。作者用比兴的手法，暗示恢复失地是一件极其困难的事情。“江晚正愁余，山深闻鹧鸪”，江晚山深，作者感到无比忧愁，只听到杜鹃凄厉的叫声。“江晚”“山深”是作者沉郁苦闷心情的写照，鹧鸪的叫声渲染了一种悲壮凄迷的气氛，更加有力地衬托出作者当时沉郁苦闷的心情。",49900
鹧鸪天,姜夔,"肥水东流无尽期，当初不合种相思。梦中未比丹青见，暗里忽惊山鸟啼。
春未绿，鬓先丝。人间别久不成悲。谁教岁岁红莲夜，两处沉吟各自知！","姜夔到合肥游玩时与一名歌妓相爱了，当时短暂的欢聚，成了他人生中挥之不去的美好记忆，尽管二十多年过去了，但他仍然没有忘记当年之人，而且还在梦里与她相遇了。这首词就是作者梦醒后写成的。这一点可以从夏承焘的《姜白石词编年笺校》中得到印证。夏承焘这样写道：“白石怀人各词，此首记时地最显。时白石四十余岁，距合肥初遇，已二十余年矣。”
首句“肥水东流无尽期”，以流水起兴，不仅交代了这段情缘发生的地点，而且将作者拉入遥远的思绪之中。虽然距当初在合肥相见已经有二十年了，但关于她的一切作者都历历在目，以致在梦中与她相见，确实是“无尽期”了。“当初不合种相思”，相思的滋味是苦涩的，二十年间一直纠缠着作者，所以他说“不合”。“种”字有种因果循环的意味，表达了作者对这段恋情由怨怼转为后悔的心路历程。“梦中未比丹青见，暗里忽惊山鸟啼”，切合题目中的“梦”字，这里的“丹青”指画像，相爱的人不能相见，只能以画像慰藉相思之苦，但作者只是梦里相见，梦中的恋人的模样更不及画像真切。梦境迷蒙中，山中的飞鸟惊搅了美梦，只有鸟的啼叫声在耳畔回荡。前一句是写梦中的遗憾，而后一句写的是梦醒后的惆怅。
下阕“春未绿，鬓先丝”，作者直接抒发幽怨之情。“春”字与题目中的“元夕”相呼应，这两句话的意思是一年又过去了，大地铺满了绿色，自己辗转蹉跎，人不觉得就变老了。“人间别久不成悲”，这句话是全词感情的凝聚点，包含着人生的感悟和深沉的慨叹。相爱的人不能相聚，心中的感情逐渐地麻木，慢慢变成生命中挥之不去的印痕。“谁教岁岁红莲夜，两处沉吟各自知”，郁积在作者心中的感情无从宣泄，只有向苍天发问。“红莲夜”指元宵节，周邦彦在《解语花·元宵》中写道：“露浥红莲，灯市花相射”，元宵节是青年男女约会的大好时机，相恋而不能在一起的人在这个时候一定会非常痛苦。“难教”二字，仿佛从作者心底最深处发出的慨叹，包含着无尽的悲哀与凄凉。",20900
扬州慢,姜夔,"
淮左名都，竹西佳处，解鞍少驻初程。过春风十里，尽荠麦青青。自胡马窥江去后，废池乔木，犹厌言兵。渐黄昏，清角吹寒，都在空城。
杜郎俊赏，算而今、重到须惊。纵豆蔻词工，青楼梦好，难赋深情。二十四桥仍在，波心荡、冷月无声。念桥边红药，年年知为谁生。","淳熙丙申至日，余过维扬。夜雪初霁，荠麦弥望。入其城则四顾萧条，寒水自碧。暮色渐起，戍角悲吟。余怀怆然，感慨今昔，因自度此曲。千岩老人以为有黍离之悲也。
姜夔的词多以抒发个人感慨为主，这首词是一首难得的感怀家国、哀伤时乱的佳作，创作这首词时，他年仅二十余岁。扬州慢是姜夔自创的一种曲牌。在这首词的前面，他加了一个小序，交代写作背景和缘由，这样更有利于读者阅读。
这首词分上、下两阕，作者把昔日繁华的扬州与今日荒凉的扬州进行对比，在这种鲜明的对比中，反映出战争给扬州带来的严重破坏，从而抒发了他忧国忧民的深情。
词一开头作者就给扬州冠以“名都”、“佳处”的美名，扬州因其地理位置的关系，也曾相当繁华，很多诗人都满怀热情地赞誉过它的繁华盛况，如晚唐诗人张祐这样写道：“夜市千灯照碧云，高楼红袖客纷纷。如今不似升平日，犹自笙歌彻宵闻。”但后来，由于金兵的侵略，扬州城变成了一座废墟。作者将其称为“名都”、“佳处”，就是让人回想起这座城市当年的繁华，从而与今日的残破形成鲜明的对比。作者来到这里，看到的只是长得旺盛而整齐的荠麦，晚唐诗人杜牧所写的“春风十里扬州路”早已不复存在了，如今只剩下“废池乔木”。“自胡马窥江去后”几句，点出扬州城今昔发生如此巨大变化的原因。一个“厌”字，写出了金兵烧杀抢掠给城中百姓带来的深重的心理阴影，也是对不义的侵略者的无情谴责。黄昏时分，凄厉的号角声在扬州城孤寂的上空响起，扬州城越发显得空旷。这里作者用声音来衬托出扬州城的荒凉和空旷。
词的下阕，作者运用典故，进一步强化黍离之悲这一主题。杜牧曾在扬州城发生了不少风流韵事，留下不少脍炙人口的诗篇，作者在扬州城很自然地就会联想到他。可是，今日的扬州城早已无法与他那时的扬州城相比了，即使让他再来这里，也无法用他那俊逸的才华写出脍炙人口的诗篇了。这又是一种对比，作者把前朝的杜牧拉出来，显得精妙无比。昔日的景象已经不复存在了，只有“二十四桥仍在”，只有一弯“冷月”在波心摇荡。最后作者用带悬念的疑问作为词篇的结尾，很自然地移情入景，今昔对比，催人泪下。",74600
如梦令,李清照,"常记溪亭日暮，沈醉不知归路。
兴尽晚回舟，误入藕花深处。
争渡，争渡，惊起一滩鸥鹭。","这是一首忆昔词。虽寥寥数语，却描写出词人的一次荡舟野游经历。这首记游之作，篇幅不长，看似随意，实则惜墨如金，句句有深意。
开头的“常记”二字，说明这篇作品并非当时所作，而是有追忆的性质。女词人确有豪兴雅致，有不让须眉的壮游之举。日暮时分，荷花绽放，词人在其间荡舟畅饮，竟醉倒在名泉之畔，忘记还要返回，迷失了归路。从字里行间，我们可以感受到词人在追忆此事之时，心情是激赏的，是欢愉的，甚至还有一份狂放与豪迈。一位大家闺秀在传统社会中，竟然有这样“破天荒”的野游、荡舟、畅饮、沉醉的经历，有这样的心胸，真是难能可贵。难怪有学者这样评价李清照的不羁和倜傥——“有丈夫气，乃闺阁中之苏（轼）、辛（弃疾）”。
“误入”一句给人以一波未平一波又起的跌宕感。词人因醉酒而不知归路，接下来是误入荷花深处，想必这是可以理解的。显然，词里边的少女主人公是太忘情了。忘情归忘情，但还是要回去的，词人于是急于从迷途中找寻出路，好像还有几分焦灼之情。
结尾处的归结之语勾勒渲染出浓浓的诗情画意，自己的错误和焦急，竟然惊吓到了停栖在洲渚上的水鸟。这是一幅动人的画面，其中蕴涵有不尽的诗味，真可谓诗中有画，画中有诗，在静谧中取动感，沉醉中有释怀。
整首作品，只是选取几个片段，就已经捕捉到最有说服力的物和景，自然而然表达出词人怡然澄净的心境，极富自然之美。",234000
醉花阴,李清照,"薄雾浓云愁永昼，瑞脑销金兽。佳节又重阳，玉枕纱厨，半夜凉初透。
东篱把酒黄昏后，有暗香盈袖。莫道不销魂，帘卷西风，人比黄花瘦。","这首词是李清照的前期作品，书写的是重阳佳节时对丈夫的思念以及自己的孤寂心情。
“薄雾浓云愁永昼，瑞脑销金兽”写的是早上起来，词人百无聊赖地坐在兽形的香炉旁，看着瑞脑慢慢升起的香烟，想着又要度过一个漫长而孤寂的白昼了。接着词人点明重阳佳节到了，“每逢佳节倍思亲”，更增加了自己的思念之情。这样的季节，又逢重阳，才会有“玉枕纱厨，半夜凉初透”。这种“凉”不仅仅指身体感受到的凉意，更指心里的悲凉。
本来是应该和丈夫共同赏菊和饮酒的，现在丈夫远行了，只有自己一个人空对着菊花和酒杯，哪还有什么心情赏菊？“莫道不销魂，帘卷西风，人比黄花瘦。”这三句是千古流传的佳句，几乎压倒了南宋词坛。据说，当时李清照把这首词寄给丈夫赵明诚，赵明诚自愧写词不如妻子，于是三日三夜闭门谢客，苦思冥想，写了五十首送给友人陆德夫。谁知，陆德夫读后说，只有“莫道不销魂，帘卷西风，人比黄花瘦。”三句最佳，原来赵明诚将妻子的这三句夹了进去。",160000
山园小梅,林逋,"众芳摇落独暄妍，占尽风情向小园。
疏影横斜水清浅，暗香浮动月黄昏。
霜禽欲下先偷眼，粉蝶如知合断魂。
幸有微吟可相狎，不须檀板共金樽。","梅花以其傲然独放的精神成为古代文人的一种精神象征，本诗作者林逋更是爱梅之人，他自我标榜“以梅为妻，以鹤为子”，充分反映了他孤高清雅的品质。
作者开篇直接赞美梅花，写出了梅花在百花凋落之后迎着严寒傲然独开，占尽了小园的风光。“众芳摇落独暄妍”，一个“独”字完全写出了梅花傲然开放的精神，“暄妍”写出了梅花的形态特征，这开篇第一句话就将梅花的形与神表达得淋漓尽致。“占尽风情向小园”，一个“尽”字，把梅花压倒群芳的形象雕刻得入木三分。
颔联描绘了一幅优美的山园小梅图。“疏影横斜水清浅，暗香浮动月黄昏。”这一联向来为人们所称道，它将梅花的形态、气韵、风骨表达得恰到好处。一个“疏”字，写出梅花枝叶稀疏、花香清幽的特点。“横斜”二字写出了梅花的姿态。
颈联运用拟人化的手法，用“霜禽”与“粉蝶”衬托出梅花的色、香之美，而且这两种动物使画面变得活泼起来，有一种灵动之美。
尾联作者直抒胸臆，表达了对梅花的极度赞美。“微吟”二字非常契合梅花的特点，同时也表达出了作者那种自甘寂寞、孤高不群的品质。",151000
江上渔者,范仲淹,"江上往来人，但爱鲈鱼美。
君看一叶舟，出没风波里。","这首五言绝句表达了作者对处在水深火热之中的广大劳苦百姓的深切同情。作者用朴实无华的语言表达出了极其深刻的主旨，不得不让人佩服。
第一句写江岸上人来人往，非常热闹。第二句紧接着就写出了其中的原因，原来是对江中的鲈鱼趋之若鹜。一个“但”字，将往来人们的心态十分精确地刻画了出来。这两句都是写实的句子。第三句和第四句是作者虚构的一个场面，渔人驾着一叶扁舟穿梭在波涛汹涌的江中，他们冒着生命的危险为江岸上的人们捕捉鲈鱼，这与江岸上那些想吃鱼的人形成了鲜明的对比，也让人想起梅尧臣《陶者》中的诗句：“十指不沾泥，鳞鳞居大厦。”
尽管全诗只有二十个字，但作者关心广大贫苦百姓的思想感情得到了充分的体现。",71800
戏答元珍,欧阳修,"春风疑不到天涯，二月山城未见花。
残雪压枝犹有橘，冻雷惊笋欲抽芽。
夜闻归雁生乡思，病入新年感物华。
曾是洛阳花下客，野芳虽晚不须嗟。","这首诗是欧阳修被贬之后，应答朋友丁宝臣的诗作，表达了他被贬后的寂寥心情。
首联“春风疑不到天涯，二月山城未见花”，虽然已经到了二月，别的地方都该花团锦簇了，但偏远的夷陵小城依然是一片寒意。这两句既写出了山城的自然环境的恶劣，也暗寓政治环境不好，这是作者被贬后有感而发。
颔联“残雪压枝犹有橘，冻雷惊笋欲抽芽”，橘和笋是夷陵特产，作者选择两种夷陵最具特色的景物展开描写，面对“残雪”和“冻雷”，它们依然生机盎然，给人以希望和活力。
颈联“夜闻归雁生乡思，病入新年感物华”，这是诗人写景后的感慨之言，反映了作者遭贬后的抑郁心情，由归雁引发思乡之情，新年将至，处在病中的诗人又想到美好的事物总是不断变化，不免让人想到时光的流逝和生命的短暂。
尾联“曾是洛阳花下客，野芳虽晚不须嗟”，这是作者的自我安慰之语，作者曾担任过洛阳推官留守之职，而洛阳牡丹最为出名，所以他说“曾是洛阳花下客”。这两句话的意思是曾经在洛阳见过漂亮的牡丹花，野花虽然开得晚些但也没有必要叹息。用牡丹和野花进行对比，反映了作者被贬后的处境，也反映了他寂寥的心情。但他没有为此耿耿于怀，而是以一种乐观的心态从容面对。",81300
泊船瓜洲,王安石,"京口瓜洲一水间，钟山只隔数重山。
春风又绿江南岸，明月何时照我还？","这首诗表达了作者对故乡的深切思念之情，同时也流露出作者打算重新回到政治舞台的意向。
前两句写京口和瓜洲仅隔了一条长江，就是再远的钟山也只隔了几重山而已。“一水”，指的是长江，作者用这两个字来说明京口和瓜洲的距离没有多远，这让他联想到这里离家乡钟山也不是很远。“钟山只隔数重山”，充分表达了诗人急切希望回乡的心情。
“春风又绿江南岸”，这是流传千古的名句，“春风”一词既是写实，又具有一定的政治意义。“绿”字在这里是形容词动用，是吹绿了的意思。这个字生动传神，赋予春风以生命，为全诗增色不少。据说王安石在这个字上做了十多次改动，最后才选定这个“绿”字，大师严谨的治学态度由此可见一斑。最后一句“明月何时照我还”，作者将希望寄托在明月身上，希望明月能够照他回归故里。用疑问句的形式结束全诗，进一步表达了作者思念故乡的心情。",183000
梅花,王安石,"墙角数枝梅，凌寒独自开。
遥知不是雪，为有暗香来。","梅花是一种极具观赏性的植物，它早春迎着严寒独自开放的特点自古被人称道，所以咏梅的诗屡见不鲜，但王安石的这首《梅花》以其质朴无华的语言和深刻的哲理历来受到人们的喜爱。这首诗赞美了梅花不畏严寒、傲然开放的高贵品质和顽强的生命力。
诗的前两句“墙角数枝梅，凌寒独自开”，写墙角的几枝梅花在早春的严寒中独自绽放，为人们带来春的消息。“墙角”写出了梅花所处的位置，这正符合它那种低调、孤高的性格。“凌寒独自开”，这一句写出了梅花不畏严寒的品行，这是梅花最显著的特点。
后两句“遥知不是雪，为有暗香来”，虽然距离很远，但依然能够断定那不是雪，因为有阵阵暗香传来。梅花是白色的，看上去很像是雪，这是以雪喻梅，赞美了梅花品质的高洁。“暗香”是由林逋的“暗香浮动月黄昏”而来，正是因为有暗香阵阵袭来，才让人很远就能判断它不是雪。
这首诗朴素自然，毫无雕琢之感，全诗仅有二十个字，但却写出了梅花凌寒独放的品质以及色香俱全的特点。",297000
书湖阴先生壁二首（其一）,王安石,"茅檐长扫静无苔，花木成畦手自栽。
一水护田将绿绕，两山排闼送青来。","这是王安石写在湖阴先生墙壁上的一首诗。湖阴先生是杨德逢的别号，他是作者晚年退居江陵时的邻居和朋友。
诗的前两句“茅檐长扫静无苔，花木成畦手自栽”，是对湖阴先生居室内的赞美，茅草屋檐下，因为主人经常打扫而连苔藓都看不见，屋外花木治理得非常好，成垄成畦，都是主人亲手栽种的。一个“静”字，不只写出了茅屋地面的洁净，而且写出了屋子整体环境的清雅别致。这两句从外在环境衬托出主人是一位心境安闲、爱好整洁的人。
后两句“一水护田将绿绕，两山排闼送青来”，这两句是从五代沈彬的诗句“地隈一水巡城转，天约群山附郭来”而来，一条水流护卫着水田，环绕着绿色，两座青山仿佛要推门而入，给主人送来满屋青翠。这里作者运用拟人、对偶的手法，把没有生命的山和水写得生机勃勃、情趣盎然。因此这两句诗成为流传千古的名句。与前两句不同，这两句主要描写外部环境，与前两句形成呼应，赞美了湖阴先生高雅脱俗的高贵品质。",27700
和子由渑池怀旧,苏轼,"人生到处知何似？应似飞鸿踏雪泥。
泥上偶然留指爪，鸿飞那复计东西？
老僧已死成新塔，坏壁无由见旧题。
往日崎岖还记否？路长人困蹇驴嘶。","北宋嘉祐六年，苏轼到陕西赴任路过渑池（今属河南），其弟苏辙送他到郑州，返回京城后寄给他一首叫做《怀渑池寄子瞻兄》的诗。本诗是和苏辙的诗，表达了作者对人生无常的怅惘和对往事的怀念。
这首诗的前四句是作者所发的议论，人的一生为了自己的理想四处奔波，这就好像是一只从北向南而后又从南向北不停地飞来飞去的鸿雁，它把脚印留在雪泥之上，然后就飞走了，雪泥上偶然留下的脚印，又有谁会记得呢？
“老僧已死成新塔，坏壁无由见旧题”，用具体事例来为前四句所发的议论作证，苏轼与苏辙曾留宿渑池的寺院，并在寺院墙壁上题了一首诗。但是，当时寺院的老和尚奉化已经离开了人世，墙壁上题的诗也看不太清楚了。这些往事流露出作者对岁月流逝、人生无常的感慨。
最后，诗人问弟弟，你还记得那年吗，我们路过渑池西的崤山，当时路又远又难走，我们都已经疲惫不堪了，连驴子都累得不停地叫唤。在这里，诗人使用问句的形式加强了语气，突出了往事的辛酸。",101000
饮湖上初晴后雨二首（其二）,苏轼,"水光潋滟晴方好，山色空蒙雨亦奇。
欲把西湖比西子，淡妆浓抹总相宜。","这首诗是作者任杭州通判期间所作，极力赞美了西湖的美景。饮湖上是在湖上饮酒的意思。
第一句“水光潋滟晴方好”，描写了西湖晴天时的景色，在明媚阳光的照耀下，西湖水波荡漾，波光闪动。第二句“山色空蒙雨亦奇”，写雨天时西湖的景色，在淅沥小雨的笼罩下，西湖周围的群山迷迷茫茫，给人一种似有似无的感觉。这一句与第一句形成对比，从晴天和雨天两方面来写西湖的美丽。
后两句“欲把西湖比西子，淡妆浓抹总相宜”，西湖的美景让作者联想到古代的美女西施，西施风姿绰约，无论是浓妆艳抹还是不施粉黛，她始终是美的；而西湖不管是晴天还是雨天也都非常美。这一颇为生动的比喻非常恰当地衬托出了西湖的景色之美。而“西子湖”从此便成了西湖的别名。",320000
海棠,苏轼,"东风袅袅泛崇光，香雾空蒙月转廊。
只恐夜深花睡去，故烧高烛照红妆。","这首诗是苏轼被贬黄州期间所作，既赞美了海棠花的优雅脱俗，又表达了作者惜花怜花的真挚感情。
第一句“东风袅袅泛崇光”，在春风缓缓地吹拂下，海棠花泛出优雅高贵的光泽。作者开篇并没有正面描写海棠花的美，而是营造出一种空蒙迷幻的境界，从侧面烘托了海棠花的美丽和高贵。“泛”字用得非常生动，对渲染空蒙迷幻的境界起到很大的作用。
第二句“香雾空蒙月转廊”，月亮转过回廊，照在海棠花上，空气中弥漫着海棠花的花香。“香雾”是对海棠花花香的描写。
后两句“只恐夜深花睡去，故烧高烛照红妆”，作者担心花在深夜里睡去，便点亮蜡烛照耀着它。作者由对花的描写转入表达对花的怜爱之情。“恐”字非常形象地表达了作者爱花的心理，“红妆”以花喻人，形象地写出了海棠花的姿态和作者对花的感情。
这首诗前两句是实写，后两句是虚写，用虚实结合的手法把海棠花的优雅脱俗和作者对花的怜爱之情表达得淋漓尽致。",48800
题西林壁,苏轼,"横看成岭侧成峰，远近高低各不同。
不识庐山真面目，只缘身在此山中。","这首诗是苏轼遭贬后路过九江，游览庐山后有感而作。西林，指西林寺，又称乾明寺，位于庐山七岭之西。
前两句“横看成岭侧成峰，远近高低各不同”，作者登上庐山游览，由于观看角度的不同，看到的景物也不一样。这两句是实写，形象概括地写出了庐山移形换位、千变万化的景色。
后两句“不识庐山真面目，只缘身在此山中”，庐山千变万化的景物让人看不出它的真正面目，这是为什么呢？只因为身在这座山中。这两句是虚写，是作者观赏景物后的说理之句。我们能够从中领悟到这样的道理：人因所处的地位不同，看问题的出发点不同，那么看事物难免会有失偏颇。
这首诗并不是枯燥的议论说理，而是通过作者的亲身实践，运用浅显易懂的语言，非常形象生动地把道理讲出来。正因为如此，读者读起来才不会有丝毫枯燥之感。",356000
惠崇春江晚景二首（其一）,苏轼,"竹外桃花三两枝，春江水暖鸭先知。
蒌蒿满地芦芽短，正是河豚欲上时。","这是苏轼在神宗元丰八年所写的一首题画诗。惠崇是宋代著名画家、僧人，善于画小景，《春江晚景》是他的名作，是一幅以早春景物为背景的《春江鸭戏图》。苏轼只用寥寥数笔就勾勒出一派早春二月的景象。
第一句“竹外桃花三两枝”，竹林外有三两枝桃花已经开放了，一派早春时节生机勃勃的景象，竹子和桃花是早春的代表，作者虽然只写了这两种景物，但却能让人联想到早春时节，正所谓“言近而旨远”。
第二句“春江水暖鸭先知”，天气转暖了，桃花开放了，鸭子也迫不及待地到河里去游泳。为什么鸭子会先知道水暖呢？因为它是实践者，它亲自到水中试过。这也为我们揭示了一个哲理：只有通过实践才能得到真知。
第三句“蒌蒿满地芦芽短”，春天为万物带来了生机，地面上布满了蒌蒿，芦苇也吐出了嫩芽。诗的前三句分别从不同的角度写了六种景物：竹子、桃花、江水、鸭子、蒌蒿和芦苇。这六种景物既有地面上的，也有水里的，它们一起烘托出早春二月的生机。
第四句“正是河豚欲上时”，这是作者触景生情而作出的想象，这一句是画龙点睛之笔，充分体现了春天带给人们的喜悦之情。",304000
赠刘景文,苏轼,"荷尽已无擎雨盖，菊残犹有傲霜枝。
一年好景君须记，最是橙黄橘绿时。","这是苏轼写给好友刘景文的一首诗，写于元祐五年作者任杭州知州之时。作者通过歌咏初冬时的景物，勉励刘景文要抓住人生的大好时光，积极向上，不断进取。景文是刘季孙的字，他当时担任两浙兵马都监之职，也在杭州。
诗的前两句，作者先描绘了一片秋末初冬的景象：昔日映日开放的荷花已经凋零了，它的茎叶再也无法给它遮风挡雨了，而菊花虽然已过花期，但仍然有花枝不畏严寒，傲然与风雪相斗。“已无”与“犹有”形成鲜明的对比，突出菊花傲寒斗霜的形象。
后两句作者指出“橙黄橘绿时”是一年之中最美好的风光，勉励朋友要不断进取，做出一番事业。在常人眼里，秋末冬初的时节一般都是萧条的，而作者却一反常情，写出了一片丰收的景象，给人以慷慨激昂的感觉。",145000
牡丹,陈与义,"一自胡尘入汉关，十年伊洛路漫漫。
青墩溪畔龙钟客，独立东风看牡丹。","这首诗是一篇咏物怀乡的名作，写于南宋绍兴六年，即1136年的春天，此时距离汴京陷落已有十年，陈与义以病为由离开朝堂，到浙江青镇的寿圣院居住。陈与义一生重名节轻富贵，想到自己年老体衰，无力报国，又想到自己有生之年回乡无望，内心凄苦，不禁感慨万千，黯然神伤。作者便是在这种情况下创作了这首诗。
全诗语言自然流畅，尤其是最后一句“独立东风看牡丹”可谓是点睛之笔，表面上看似乎是描写自己在江南春日中，独自欣赏牡丹的场景。实际上是借由牡丹表达自己对故乡的思念和对故国沦丧的遗恨，一时间家仇国恨，万千悲苦涌上心头，抒发出自己真挚的情感。",2970000
题临安邸,林升,"山外青山楼外楼，西湖歌舞几时休！
暖风熏得游人醉，直把杭州作汴州。","根据《宋诗纪事》的记载，这是一首题写在客栈墙壁上的讽刺当时社会状况的“墙头诗”。
一句“山外青山楼外楼，西湖歌舞几时休”道出了南宋朝廷毫无忧患意识，整日在华丽的楼台之上，沉醉于无尽的妙曼歌舞之中的现状。统治阶级忘却了国仇家恨，对外不思夺回中原失地，一味屈膝投降；对内不思进取，达官显贵们腐败无能，残害爱国将领。一个“熏”字把这些逃避现实，整日里只是寻欢作乐、醉生梦死的贵族的丑态展现得淋漓尽致，勾画得形象逼真。在这样的社会风气下，只怕临安迟早会重蹈汴京的覆辙。
本诗对南宋统治下黑暗的现实进行了充分的讽刺，措辞精准，构思巧妙，发泄了人们心中的愤恨，在讽刺中又包含了作者对国家和民族前途的担忧，是此类诗中的上乘之作。",59900
游山西村,陆游,"莫笑农家腊酒浑，丰年留客足鸡豚。
山重水复疑无路，柳暗花明又一村。
箫鼓追随春社近，衣冠简朴古风存。
从今若许闲乘月，拄杖无时夜叩门。","这首七言律诗基调明快，格调恬淡隽永，运用白描的手法，使得秀丽的山村自然风光和民间淳朴的风俗跃然纸上，自然成趣，并带有浓重的生活气息。这种类型的诗作在陆游的作品中非常少见，是其佳作之一。
在此之前，陆游刚刚在朝堂上遭到政敌的弹劾，罢官回归故里。故乡优美的乡间风情和质朴的乡民带给他极大的安慰，让他对未来抱有了信心和希望，并相信终有峰回路转、否极泰来的那一天。陆游正是在这样的心境下创作出了这首诗。
这首诗一开头就描绘出山村乡野农民们喜获丰收，欢欣喜悦，热情好客的景象。接着，又勾勒出重叠回环，令人迷惑的山水景色和峰回路转后自己的喜悦与兴奋之情。第三句则由村外的景色转入村内，由写景转为抒情。最后一句表达出游览山村后自己的心情，是全诗的总结。
在本诗的“山重水复疑无路，柳暗花明又一村”句中，作者借由山间多变的景色，揭示了万物此消彼长的变化和耐人寻味的人生哲理，彰显出其丰富的艺术生命力。也因此成为了流传千年的名句。",106000
剑门道中遇微雨,陆游,"衣上征尘杂酒痕，远游无处不销魂。
此身合是诗人未？细雨骑驴入剑门。","这是一首广为流传的名作，诗中的描写诗情画意，极富感染力。但是，要想正确地解读这首诗，还需要结合它的创作背景。
这首诗作于1172年的冬天。在此之前，陆游在南郑四川宣抚使王炎的手下任职，为抗金的军事行动出谋划策。后来，陆游被调回成都，到自己好友、著名诗人范成大的手下做官。这首诗就是他在从南郑返回成都的途中，经过剑门山时创作的。
本诗的前两句就写出了作者长久以来，为抗金事业四处奔走，现如今却壮志未酬的悲愤心境和当时的处境状态。离开南郑返回成都，就意味着远离抗金的前线，回到了舒适安逸的后方。对此陆游是心有不甘的，只得借酒浇愁，一个抑郁悲愤的爱国诗人形象展现在我们面前。
此时，天上飘着细雨，身边是大自然鬼斧神工的剑门山，作者骑驴悠闲地赶路，本应该是一件非常具有诗意的场景，但是陆游却发出了“我难道只该是一个诗人吗？”这样的自问。我们知道，陆游一生的作品中大都激荡着他希望驰骋疆场，报效朝廷，以此来实现自己理想和人生价值的爱国情感。梁启超曾在《读陆放翁集》中用“亘古男儿一放翁”这句话评价陆游，可见吟诗作词的诗人，他是不愿意做的。所以，这略带自嘲的问句，看似轻松的调侃，实则表达了作者对国土沦丧，自己报国无门、壮志未酬的忧愤之情。",8600
书愤（其一）,陆游,"早岁那知世事艰？中原北望气如山。
楼船夜雪瓜洲渡，铁马秋风大散关。
塞上长城空自许，镜中衰鬓已先斑。
《出师》一表真名世，千载谁堪伯仲间？","本诗是陆游七律诗中的名篇之一。
陆游作这首诗之前，已经在山阴家中闲赋六年。1186年的春天，他被再次重用，以严州知府的职位重返朝堂。此时已是六十二岁高龄的陆游，以此诗表达自己壮志未老，倾力报国的愿望。
本诗的前两联可以看做是陆游对往日峥嵘岁月的回顾。第一句便体现了作者对收复失地的壮志豪气。作者的一句自问，“怎知杀敌报国之路竟会如此艰难？”道出了陆游政治生涯的崎岖坎坷。第二句则是自己抗击金兵的亲身经历，一股雄放豪迈之情扑面而来。
本诗的后两句，作者想到时不我待，自己壮志未酬，还未能施展一身的才华报效国家，但已是两鬓斑白的垂暮老人，不禁悲由心生。接下来引用诸葛亮“鞠躬尽瘁，死而后已”的典故，是要以此表达自己壮心不死，老骥伏枥，渴望施展自己的政治抱负，继续为国效力的决心。
整首诗笔力雄浑，气宇激昂，情绪悲壮，气壮山河，这是陆游诗歌创作的精华，也充分展示了陆游诗歌情感抒发的一个重要特征。",44900
临安春雨初霁,陆游,"世味年来薄似纱，谁令骑马客京华？
小楼一夜听春雨，深巷明朝卖杏花。
矮纸斜行闲作草，晴窗细乳戏分茶。
素衣莫起风尘叹，犹及清明可到家。","这首《临安春雨初霁》与《书愤》乃是同时期的作品。这年的春天，陆游奉诏前往临安，在等候皇帝召见时写下这首诗。
诗中“小楼一夜听春雨，深巷明朝卖杏花”一句，虽从声音入手，却将春天的景色刻画得细致入微。诗人运用清新隽永的言辞，描绘出一幅生动鲜活的春景图。但在这绵绵的春雨中，陆游却是为国家的前景担忧，一夜未眠。明媚鲜活的春光与诗人的愁绪和落寞形成了强烈的对比。
在此国难当头的时候，自己还在为等待进谏皇帝而闲居京城，以饮茶和写字消磨时光，这让陆游难以压抑心中的悲哀和忧愤。“矮纸斜行闲作草，晴窗细乳戏分茶”这两句看似展现了一个人的闲情逸致，实则是陆游借此发泄心中无限的感慨和牢骚。
此时，陆游已经看清了南宋朝廷的无能和懦弱，知道自己收复中原的愿望遥遥无期，所以便以此表露出自己对为官生活的淡漠，以及对自己无所作为的悲愤之情。",32800
十一月四日风雨大作二首（其二）,陆游,"僵卧孤村不自哀，尚思为国戍轮台。
夜阑卧听风吹雨，铁马冰河入梦来。","本诗作于作者六十八岁时，即1192年的冬天。由于陆游做官时两袖清风，所以再次被罢官后，当时经济生活非常困难。在这样一个风雨交加的夜晚，陆游带着一身的病痛回顾一生，自己为实现人生理想和政治抱负中所遭遇的种种磨难随着万千感慨涌上心头，写出了这篇令人热血沸腾的爱国诗篇。
诗作的前两句表达了自己在艰难的境遇中，绝不自顾自怜。自己虽然已年近古稀，仍心怀报国之志，对收复中原表现出强烈的信念。这是多么感人的拳拳报国之心啊！
后两句诗，作者触景生情，由屋外的风雨大作想到了战场上金戈铁马，将士们奋勇杀敌的场景。所以，作者入睡后，在梦中自己似乎又回到了壮年时期随军征战的生活。作者的情感就此达到了高潮。“铁马冰河入梦来”这句诗生动表现了《傅给事外制集序》一书中对陆游诗作“以气为主”的评价。
整首诗在悲壮豪迈的基调中，洋溢着积极向上的人生态度，淋漓尽致地表达了诗人的英雄气概。同时，这也表达了南宋时期一代志士仁人的心声和民族正气。",151000
示儿,陆游,"死去元知万事空，但悲不见九州同。
王师北定中原日，家祭无忘告乃翁。","1210年，陆游辞世，享年八十五岁。这首《示儿》是他的绝笔，也是他给自己儿子的遗嘱。陆游作为一个对国家充满热爱的诗人，临终前念念不忘的依然是尚未收复的国土，他把收复中原作为自己最后的愿望，叮嘱自己的儿女等到那一天，一定要在祭祀的时候把这个喜讯告诉自己。
整首诗的语言浑然天成，是作者真情的自然流露，没有经过丝毫的雕琢。我们能从中感受到陆游对国家统一的渴望，他并没有因为自己遭受的种种不公平的待遇，而放弃了自己对国家和民族执著深切的爱。读过这首诗的人，无不为他拳拳爱国心所动容。这首诗可以说是陆游一生爱国思想的总结。",256000
小池,杨万里,"泉眼无声惜细流，树阴照水爱晴柔。
小荷才露尖尖角，早有蜻蜓立上头。","这是一首写景的小诗，句句如画，取景别致，泉眼、细流、树荫、刚刚露出水面的嫩荷花，还未长开的嫩荷叶，一只蜻蜓，为我们勾勒出自然、朴实、和谐的初夏风光，让人心旷神怡。
王国维在《人间词话》中说：“境界有大小，不以是而分优劣”，本诗全篇从“小”字入手，杨万里运用敏锐的观察力和简洁明快的语言，将这夏日中妙趣横生的一瞬抓拍了下来，留下了永恒的美景。同时，抒发了作者对生活的热爱。",182000
晓出净慈寺送林子方,杨万里,"毕竟西湖六月中，风光不与四时同。
接天莲叶无穷碧，映日荷花别样红。","杭州西湖以美妙的风景闻名于世，古往今来，不乏描写西湖美景的佳作。杨万里的这首七言绝句就是其中的一首。
对于六月的西湖美景，杨万里没有大范围展开描写，而是抓住一点，集中描写西湖的荷花。清晨时分，杨万里在送别友人林子方的路上，走到西湖岸边，映入眼帘的是朝阳下一望无垠的荷花。作者为眼前的美景所震撼，不禁陶醉其中，发出了“毕竟西湖六月中，风光不与四时同”的感叹。作者的这句诗没有按照正常的语序，而是把“毕竟”放在了第一位，用以强调西湖此时此刻景色的独特。
接下来，作者开始具体描写景色的独特魅力。在描写满湖的荷叶和娇嫩的荷花时，杨万里通过互文的手法，用“碧”和“红”两个字给人带了具有冲击力的视觉想象，以“接天”和“映日”突出了美景的广阔，赋予了人们美景的空间感。整首诗歌语言清新秀丽，色彩丰富鲜明，让人仿佛置身于美景之中，真实地感受到六月西湖美景的独特。",303000
春日,朱熹,"胜日寻芳泗水滨，无边光景一时新。
等闲识得东风面，万紫千红总是春。","朱熹是宋朝著名的理学家，所以在他的诗作中，常有将理语蕴涵在诗歌中的说理诗，《春日》便是其中著名的一首。
诗的前两句，通过“胜日”、“寻芳”、“泗水”交代了时间、地点和事件，紧接着一个“新”字又点出了春回大地、万象更新的景色。后两句则形象地描写了自己出游的所见所感，拂面而来的东风、姹紫嫣红的春花，都让作者感受到了春日里蓬勃向上、欣欣向荣的生机。
本诗的含义绝非如此简单，第一句中就提到了“泗水”，实际是指孔门，而所谓的“寻芳”，其真实的含义是寻访孔圣人之道。作者用“万紫千红”来比喻孔学内容的丰富，“东风”便是给万物带来生机的圣人之道。整首诗语言流畅、浅显易懂，虽是一首哲理诗，但富有情趣，有极强的艺术感染力。",134000
游园不值,叶绍翁,"应怜屐齿印苍苔，小扣柴扉久不开。
春色满园关不住，一枝红杏出墙来。","这是一首千年流传的名篇。
作者在开篇就交代了自己未能进入友人的园中欣赏春色。在古时候，“园”都是私人的领地，外人不能随便进入。“游园不值”，就是没有见到园子的主人，未能进院观景。“应怜屐齿印苍苔，小扣柴扉久不开”这句写得非常诙谐幽默，虽有“柴扉”却紧闭不开，可见主人无心于功名利禄，不愿与外人过多交往。
后两句是脍炙人口的名句：“春色满园关不住，一枝红杏出墙来。”虽然柴门紧闭，无法入院欣赏，却无法阻挡春色满园。探出墙头的一枝红杏，不仅凸显出春色的“满园”，还展示了生机盎然的春意。作者构思独特地将“春色”和“红杏”拟人化，寓情于景，内含哲理，引人遐想，给人以启示。",154000
过零丁洋,文天祥,"辛苦遭逢起一经，干戈寥落四周星。
山河破碎风飘絮，身世浮沉雨打萍。
惶恐滩头说惶恐，零丁洋里叹零丁。
人生自古谁无死，留取丹心照汗青！","《过零丁洋》是《指南录》中的一篇，也是文天祥的代表作之一。1278年，文天祥被元军俘虏，第二年的正月，元军统帅张弘范逼迫文天祥招降宋军统帅张世杰。文天祥写下这首诗，以此明志。
在生死关头，作者回忆起自己心怀救国之志，入仕“勤王”的始末，用一句“辛苦遭逢起一经，干戈寥落四周星”简单概括出当时个人的心境和历史背景。接着，他从国家和个人两个方面阐释了自己对当前局势的认识：国家处于风雨飘摇之中，亡国已是不可避免的结局。诗人为国家的结局自责不已，也为自己有心救国而孤立无援的状况感到痛心疾首。整首诗的最后，身陷囹圄的作者对自己未来的命运作出了坚定的选择。这不仅凸显了作者高尚的人格魅力，也使得整篇的感情基调发生了根本的转变，由哀伤抑郁转为了悲壮激昂，可谓忠臣的绝唱！",91200
正气歌,文天祥,"
天地有正气，杂然赋流形。下则为河岳，上则为日星。于人曰浩然，沛乎塞苍冥。皇路当清夷，含和吐明庭。时穷节乃见，一一垂丹青。
在齐太史简，在晋董狐笔。在秦张良椎，在汉苏武节。为严将军头，为嵇侍中血。为张睢阳齿，为颜常山舌。或为辽东帽，清操厉冰雪。或为《出师表》，鬼神泣壮烈。或为渡江楫，慷慨吞胡羯。或为击贼笏，逆竖头破裂。是气所磅礴，凛烈万古存。当其贯日月，生死安足论！地维赖以立，天柱赖以尊。三纲实系命，道义为之根。嗟余遘阳九，隶也实不力。楚囚缨其冠，传车送穷北。鼎镬甘如饴，求之不可得。阴房阒鬼火，春院闭天黑。牛骥同一皂，鸡栖凤凰食。一朝蒙雾露，分作沟中瘠。如此再寒暑，百疠自辟易。嗟哉沮洳场，为我安乐国。岂有他缪巧，阴阳不能贼！顾此耿耿在，仰视浮云白。悠悠我心悲，苍天曷有极！哲人日已远，典刑在夙昔。风檐展书读，古道照颜色。","余囚北庭，坐一土室。室广八尺，深可四寻。单扉低小，白间短窄，污下而幽暗。当此夏日，诸气萃然：雨潦四集，浮动床几，时则为水气；涂泥半朝，蒸沤历澜，时则为土气；乍晴暴热，风道四塞，时则为日气；檐阴薪爨，助长炎虐，时则为火气；仓腐寄顿，陈陈逼人，时则为米气；骄肩杂遝，腥臊污垢，时则为人气；或圊溷、或毁尸、或腐鼠，恶气杂出，时则为秽气。叠是数气，当侵沴，鲜不为厉，而予以孱弱，俯仰其间，于兹二年矣，幸而无恙。是殆有养致然尔，然亦安知所养何哉？孟子曰：“我善养吾浩然之气。”彼气有七，吾气有一，以一敌七，吾何患焉！况浩然者，乃天地之正气也。作《正气歌》一首。
1278年的冬天，文天祥兵败潮阳五坡岭，被元军俘虏，第二年便被押送到元朝都城燕京。在被监禁的三年当中，不论关押的条件多么艰苦，也不管遭受什么样的威逼利诱，文天祥始终不为所动，坚贞不屈。这首充满了浩然正气的《正气歌》就是他在被关押的第二年在狱中所作的。
作者在诗文的第一段便通过山河日月，表述了孟子所说的激荡在天地之间的浩然正气。接下来，则是列出了从古至今，历史上十二位仁人志士惊天地泣鬼神的壮烈之举，以此证明浩然正气存在的重要性。在文天祥看来，正气是支撑天地人伦的支柱，尤为重要，不可缺失。随后，作者联想到自身的遭遇，对于自己未能完成国家托付的重任惭愧不已。但“鼎镬甘如饴，求之不可得”一句则表明了自己为国献身的决心，其凛然正气跃然纸上。在诗文第二段的结尾，我们看到即便身在环境恶劣的牢房中，文天祥将个人生死置之度外，仍然心怀百姓，为遭受战乱的百姓忧心不已。这种忧国忧民的情怀让人为之动容。
文天祥可谓是忠贞爱国的代表，这首光辉璀璨的《正气歌》处处彰显了他崇高的爱国主义情怀和“威武不能屈、富贵不能淫”的高尚品格。全诗的语言没有过多的修饰，字字句句都是作者的肺腑之言，感情真挚深厚。一身正气、坚贞不屈的文天祥和这首《正气歌》将永远屹立在人们的心中，感染激励着后人。",246000
清江引·秋怀,张可久,"西风信来家万里，问我归期未？
雁啼红叶天，人醉黄花地，芭蕉雨声秋梦里。","这是一首描写游子在接到家乡来信后，思念家乡的作品。
秋天本就容易勾起人的思乡之情，此时，恰巧又收到家乡询问归期的书信，对家乡的思念之情便愈加浓烈。但是作者并没有平铺直叙，而是通过“红叶”、“黄花”、“芭蕉”、“秋雨”一系列带有季节特点的事物，渲染衬托出自己浓浓的思乡之情。
张可久一生都致力于散曲的写作，讲究格律音韵，对仗工整，字句和美，文风清丽，单纯自然。这首小令体现出他在营造意境上继承了诗词的手法的特点，为读者呈现出一种图画般的美感。",12400
四块玉,关汉卿,"适意行，安心坐。
渴时饮饥时餐醉时歌，困来时就向莎茵卧。
日月长，天地阔，闲快活。","这是一首吟咏性情的小令，我们可以把它看做是关汉卿对自我的一种消遣之作。
乡野生活，远离红尘和名利是非。喜欢走，便走一走。想休息，就停下来坐一会儿。渴了就喝水，饿了便吃饭，饮酒喝醉后，想唱便唱，困了躺在草垫上倒头就睡。日子长久，天宽地阔，无事一身轻，如此人生多快活！
自古以来，读书人把“出仕济世”作为自己的奋斗目标，建功立业，实现自身的价值。而关汉卿所在的元朝，不合理的等级划分，让读书人由过去的上等人沦落到社会的底层。这种强烈的反差使得读书人只能把内心的苦闷倾倒在自己的文学作品中。所以，结合这种历史背景再来看关汉卿的这首小令，我们不能只从字面意思去理解，可以把这些话理解为是一种反语。从这种玩世不恭、消极颓废的生活方式和人生态度中，我们能体会到一个饱受扭曲和压迫的文人，对残酷的社会现实所发出的抗议和愤懑。
这首小令语言浅显易懂，直白质朴，体现了关汉卿散曲中一贯提倡的“不施脂粉”的本色美。",37000
天净沙·秋,白朴,"孤村落日残霞，轻烟老树寒鸦，一点飞鸿影下。
青山绿水，白草红叶黄花。","“天净沙”是曲牌名，这是白朴四首描写四季风景的元曲中的第三首，通过描写自然界中的六种景物，描画出了一幅别有韵味的秋景。
开头便用孤、落、残、轻、老、寒对村庄、太阳、晚霞、炊烟、树木和乌鸦进行了修饰和渲染，展现给我们的是肃杀、凄凉的秋景。但是，接下来的一句“一点飞鸿影下”，使整个静止的画面动了起来，而且动静结合得非常完美，浑然一体，并为之前描写的六种静物增添了一份相思。随后，“青山绿水，白草红叶黄花”冷暖相间的色彩又给冷峻的景色增添了几分活力和亮丽。
这样的描写使得赏心悦目成为了整首元曲的主旋律，作者所描绘的画面由先前的萧瑟、肃杀转为了清丽、明朗，富有很强的艺术张力，同时也表达了作者积极向上的人生态度。",40800
天净沙·秋思,马致远,"枯藤老树昏鸦，小桥流水人家，古道西风瘦马。
夕阳西下，断肠人在天涯。","这首小令仅28个字，语言却十分凝练，包含的内容也非常丰富。开头简单说出六种景物，攀附在老树上的枯藤，树头的寒鸦，一条小溪，溪上的小桥，远处几间错落有致的茅草屋，寥寥几笔，秋天黄昏时分的景色便呈现在人的面前。接下来的一句，苍凉的古道，萧瑟的西风，和骑乘着一匹瘦马的游子，描写的内容发生了转变。“断肠人在天涯”则道出了流落他乡的游子心中无限的彷徨和凄凉。一个内心无尽伤痛，独自漂泊羁旅的游子形象跃然纸上。
王国维在《人间词话》称赞其“深得唐人绝句妙境”，认为其极具艺术魅力，后世人也称这首《天净沙·秋思》为“秋思之祖”，千古传唱。",248000
山坡羊·潼关怀古,张养浩,"峰峦如聚，波涛如怒，山河表里潼关路。
望西都，意踌躇。
伤心秦汉经行处，宫阙万间都做了土。
兴，百姓苦；亡，百姓苦。","这是一首寓情于景，触景生情，为历代人民所遭受的深重苦难而悲痛万分的怀古散曲。
作者站在潼关要塞上，看着潼关内外险峻的地势，由旧都长安，想到过去那些朝代的兴衰，想到无论朝代的兴衰存亡，百姓永远都会遭受苦难。因此，他发出了“兴，百姓苦；亡，百姓苦”这般一针见血、含意深邃的沉痛感叹。吊古伤今，张养浩发出这种感慨不仅是对以往历史的总结，也反映了当时社会的现状。
整篇散曲在写法上层层深入，由雄浑的潼关景色，到感情沉郁的表达，再到含义丰富的精辟论断，字里行间都散发着历史的沧桑感和时代的责任感，提升了作品的思想高度。",60400
论诗三十首（其四）,元好问,"一语天然万古新，豪华落尽见真淳。
南窗白日羲皇上，未害渊明是晋人。","元好问是元代著名诗人，也是文学理论批评家。二十八岁时，他创作了《论诗三十首》，对汉魏直至宋代的诸多有名的作家和流派进行了梳理和评论，旨在提倡自然淳朴的诗风，重视创造精神，倡导灵性与豪放诗风的结合兼容。《论诗三十首》是继杜甫之后，又一个通过绝句组诗的形式，系统阐释诗歌理论的作品，对后世有着深远的影响。这里节选的是其中的第四首，评论晋代诗人陶渊明。
开头的第一句，作者就对陶渊明至淳隽永、质朴自然的诗风大加赞扬，称其是“豪华落尽见真淳”，在别的诗中，他也曾说：“此翁岂作诗？直写胸中天。”在他看来，陶渊明的诗句浑然天成，历久弥新，这正是元好问所认为诗歌应达到的最高境界。但是，元好问也并非一味推崇，而是能以客观的心态加以评论，这体现了他作为一个优秀文学理论批评家的素养，同时也给人留下了深刻的印象。",42100
墨梅,王冕,"吾家洗砚池头树，个个花开淡墨痕。
不要人夸颇色好，只留清气满乾坤。","王冕年幼时，家庭贫困，经常替人放牛贴补家用，但他不放松学习，利用放牛的时间练习画画，晚上则到寺院的长明灯下读书，最终成为一位著名的画家和诗人。刘伯温称赞他是“能画梅花称奇绝”。这首《墨梅》是他题写一副《梅花图》上的七言绝句，也是一篇脍炙人口的名作。
王冕爱梅，尤爱只用水墨不用颜色便可画成的墨梅。一个“淡”字更是描绘出墨梅朴素淡雅的特点，也展现出梅花劲秀芬芳、卓然不群的风姿。整首诗末尾的“满”字对梅香的描写极为传神，似乎能感受到扑鼻而来的阵阵清香，其中还夹杂着淡淡的墨香。
整首诗不止表达了作者对墨梅的喜爱，同时也借此抒发了自己不屑苟同于世俗、淡泊名利的情怀。王冕年轻时也曾想通过科举考试，在朝堂上一展自己的才华，但是在认清了元朝统治的腐朽之后，他放弃了这种想法，隐居于山林，以书画为伴。“画梅须具梅气骨，人与梅花一样清”正是他不向世俗献媚，操守坚贞纯洁的真实写照。一首《墨梅》不仅充满了诗情画意，还将梅花坚强高雅的品格、作者画梅的风格以及自己的人格完美地融合在了一起，真是一篇借物明志的佳作。",82900
陈氏秋容轩,高启,"西郊莽迢递，川树凝烟景。
雨过落红蕖，斜阳半江冷。
蝉鸣山欲暗，雁去天逾永。
孤客对萧条，应嗟镜中影。","对于这首诗创作的具体时间和地点已经无从考证，不过，有学者从诗中的“山欲暗”和“孤客”等词中，推测出可能是诗人在二十多岁时游历越地时创作的，至于“陈氏秋容轩”应是作者停留居住的一个地方。
作者从第一句“西郊莽迢递，川树凝烟景”向我们描绘出一个苍茫略带阴郁的景象。“雨过落红蕖，斜阳半江冷”，夏日盛开的红色荷花带给人的应当是一种强烈的视觉冲击，一种热烈奔放的感觉。但是，一个“落”字，将这种感觉完全改变，反倒透露出几分落魄颓废的阑珊之感。接下来的“斜阳半江冷”则彻底写出了灼灼夏季即将逝去的场景，让人感受到了一丝清冷的秋意。
这首诗最为经典的句子就是第二句，仅是运用了“落”、“斜阳”、“冷”这几个简单的词，便将夏末秋初时分季节变化的景色描绘得淋漓尽致，不能不让人佩服作者敏锐的观察力，以及其细致入微的描写手法。有学者评价此句，认为至今尚未有能出其右者，此言果真不虚啊！",46400
石灰吟,于谦,"千锤万凿出深山，烈火焚烧若等闲。
粉身碎骨浑不怕，要留清白在人间。","这首《石灰吟》是于谦十二岁时创作的诗篇。
制作石灰的原材料是石灰岩，经过烧制后才可制成石灰。诗的前两句对这个制作过程进行了描述。首先，石灰岩要经过“千锤万凿”才能得到，这一个“千锤万凿”也显示出石灰岩的坚硬程度。“出深山”后，还要经过“烈火焚烧”方能生成生石灰。作者在后两句采用了拟人的手法，“粉身碎骨浑不怕”表现出面对这样严酷的考验，仍坚贞不屈、不怕牺牲的精神。“要留清白在人间”则是借石灰之口直抒情怀，表明自己对顽强和坚贞精神的向往和追求！
这首咏物诗，表面上看是对石灰的赞扬，实质上是借咏物表明自己的志向，以石灰作为自己的榜样，立志要做一个坚强不屈、清白正直的人。后来，于谦的所作所为是这首诗最好的注解，他以实际行动兑现了自己在诗中所立下的志向。这首诗也因此被后人广为流传。",92900
言怀,唐寅,"笑舞狂歌五十年，花中行乐月中眠。
漫劳海内传名字，谁论腰间缺酒钱？
诗赋自惭称作者，众人多道我神仙。
些须做得工夫处，莫损心头一寸天。","这首诗作于唐寅五十岁的时候，可以看做是他对自己一生的总结。
诗的第一句“笑舞狂歌五十年，花中行乐月中眠”，就让我们看到了一个潇洒随性的江南第一风流才子，也写出了诗人对待人生的态度。唐寅对桃花尤其喜欢，他在《桃花庵歌》中曾这样写道：“酒醒只在花前坐，酒醉还来花下眠；……但愿老死花酒间，不愿鞠躬车马前；车尘马足富者趣，酒盏花枝贫者缘。若将富贵比贫者，一在平地一在天；若将贫贱比车马，他得驱驰我得闲。……”由此，我们可以看出，生活在他的眼中是一种真实的存在，人生在世就应当随心所欲地享受真正的快乐，一切的功名利禄都比不上自由自在的生活。
因为唐寅出色的绘画才能，在他离开官场后，仅是靠出售字画就已经足够自己的日常开销。因此，他才会说出“漫劳海内传名字，谁论腰间缺酒钱？”这样狂傲、有恃无恐的话来。
“些须做得工夫处，莫损心头一寸天”则指出，唐寅所提倡的享受生活并非简单的吃喝玩乐，而是一种有别于当时公众所认同的价值观以外的人生态度，依稀带有一丝现代所说的个性和民主的色彩。",32000
感怀,文徵明,"五十年来麋鹿踪，若为老去入樊笼！
五湖春梦扁舟雨，万里秋风两鬓蓬。
远志出山成小草，神鱼失水困沙虫。
白头漫赴公车召，不满东方一笑中。","本诗的前两句通过引用范蠡成功退出官场和晋人张翰的典故，表明自己无心于仕途，渴望回归山野和对恬然无争生活的向往。但是，作者想到此时自己与家人分离，身在千里之外困于官场，像被关在牢笼中的麋鹿，字里行间难掩一种无法描述的悲凉和怅然。
作者满腹才华，但是直到五十四岁的时候，才由工部尚书李充嗣推荐，做了一个职位低下、俸禄很少的翰林院待诏。所以在下面的两句诗中，作者通过屈原和东方朔的经历作为比喻，表明自己不会甘于官场，而丧失掉自己的自尊，并抒发了自己无法施展才华的郁闷。
整首诗清新自然，语言连贯流畅、淡雅秀丽，处处体现出淳朴自然的风格。通过这首诗我们可以看到，一个寄情于自然，而又满腹才华、自尊自爱的才子形象。",1930
泛海,王守仁,"险夷原不滞胸中，何异浮云过太空？
夜静海涛三万里，月明飞锡下天风。","我们先来了解一下王守仁创作这首诗的背景。
明武宗时，宦官刘瑾等人掌握了国家的大权，以各种阴暗的手段对付朝臣，把整个朝廷内外搞得一片乌烟瘴气。大臣戴铣、薄彦徵等人，奏请明武宗严办宦官刘瑾，结果被陷害下狱。王守仁因对此事仗义执言，被打了四十大板，贬官发配到贵州。刘瑾派人企图在途中谋害他，王守仁发现后，在钱塘江附近设计逃脱，乘商船逃到了海上。谁知商船在海上遭遇到了风暴，危在旦夕。在这种情况下，王守仁端坐船中，处变不惊，从容地写下了这首《泛海》。
这首诗开头描写出大海奔放豪迈的气势，展现出他“心外无物”，抛弃安危祸福，沉着镇定面对波涛汹涌大海的大无畏精神。诗的后半部分则带有一些禅理的味道，他借用一个手执锡杖，脚踩浮云、自由自在、翱翔天际的高僧，来形容自己此刻如“光风霁月”的内心世界。
从这首诗中，我们了解到了王守仁对于世界和人生的哲学观点，也看到了一个心胸开阔、才华横溢、沉着坚毅的儒者。",3300
嫦娥,边贡,"月宫秋冷桂团团，岁岁花开只自攀。
共在人间说天上，不知天上忆人间。","这首诗作从立意上看，表现的是嫦娥久处月宫的孤独、寂寞和冷清。诗人一开始就用“秋冷”和“桂团团”点出时值秋季。而秋天是最容易引起情思的季节，既有七夕相会，又有寓意团圆的中秋佳节。诗句中提到的桂树是人们的联想之物，长久以来，人们对桂树有着特别的感情，认为它是月宫之中的主要景物。这里的“桂团团”一词是化用，语出李白《古朗月行》“桂树何团团”一句。一个“桂团团”不仅与秋夜月朗、月中阴影清晰婆娑如桂的景象十分契合，而且又以桂树开花隐示团圆的美好难得，从而向读者呈现了嫦娥的孤寂。
下面两句，诗人先说凡间对仙界的揣测与向往，特别在月明星稀的中秋之夜，许多人都会对天界心生羡慕。可是，诗人笔锋一转，说“不知天上忆人间”，表现了嫦娥独守月官的凄清情境和对美好人间的渴望之情。此时，天上和人间是相通的：人间仰慕天界，天界却经常“忆人间”，这种共通性使诗作散发出热爱人生的无穷魅力。",3890
塞上曲送元美,李攀龙,"白羽如霜出塞寒，胡烽不断接长安。
城头一片西山月，多少征人马上看。","这是一首送人诗，诗人写这首诗是准备送给王世贞的。王世贞，字元美，与李攀龙齐名，也是“后七子”中的一位领袖。王世贞这次出行是处理防务事宜的，因此，诗人作诗一首为他饯行。
诗作开篇就是“白羽”两字，起势堵峭，点明了边塞军情的紧急。接下来一个“霜”字包含着几种意思，既表现了鸟羽之白，又烘托塞外之寒，同时还暗含着形势的险峻。次句一个“胡烽不断”用词生动形象，很传神地描写了外族屡犯边境之事。
后面两句诗描写的是军士出征应战。诗人运用边塞诗作中最常见的意象“月”，表现出塞外壮阔而悲凉的景色，颇具朦胧而凄清之意。然而后面的征人看月，则包含着复杂的情绪，一方面充满思乡之情；另一方面胸怀建功立业的雄心。“马上看”这个动作非常含蓄地表达了这种情感。这后面的两句实属难得的佳句，因为它不仅体现了唐代边塞诗雄豪悲壮的格调，还具有一种缠绵的情致。",250000
渡易水,陈子龙,"并刀昨夜匣中鸣，燕赵悲歌最不平。
易水潺湲云草碧，可怜无处送荆卿。","这首诗是崇祯年间作者为母亲守孝三年后，再返回都城途经易水时所作的怀古诗。
古人的怀古诗大多都会怀古思今，当作者站在易水河畔，回想起当年那些像慷慨赴秦的荆轲那样满怀激情的仁人义士。如今，易水依旧，四周的景色依旧，只是那些壮士已经不在了，物是人非，不由产生了一种悲凉之感。再想到此时山海关外，对中原虎视眈眈的满洲军队，作者心中充满了对国家前途的担忧，也是对当时朝政昏庸黑暗的一种讽刺。",112000
论诗,赵翼,"李杜诗篇万口传，至今已觉不新鲜。
江山代有才人出，各领风骚数百年。","《论诗》总共五首，本诗是其中的一首。
由于清朝统治者大兴文字狱，很多文人只得转向研究古文学。作者这首诗所表达的内容就与当时这一时代背景有关。
作者在本诗中，通过直白的语言阐释了自己在诗歌创作方面的新见解。他认为，每一个时代都应该有符合其时代特点的诗人，因为这样才是在诗歌中体现出时代的特色。即便是李白、杜甫这样的大诗人，其诗稿在流传了千年后，已经与现阶段的社会生活有些脱节。而且，领导每个时代的文人的影响力也就只有短短的百年时间，不应盲从于古人。一句“江山代有才人出，各领风骚数百年”道出了作者“文学创作随着时代变化发展”的中心思想。",33000
己亥杂诗（其一）,龚自珍,"浩荡离愁白日斜，吟鞭东指即天涯。
落红不是无情物，化作春泥更护花。
九州生气恃风雷，万马齐喑究可哀！
我劝天公重抖擞，不拘一格降人才。","这首诗是作者四十八岁时，在往返于北京和杭州的途中创作的，是题为《己亥杂诗》的三百一十五首七言绝句中的一首。
这首诗的第一句展示出作者满怀离愁和悲痛的心情辞官远去的情景。“落红不是无情物，化作春泥更护花”一句则用落花来比喻自己即使人已不在朝堂，依然会把国家的命运时刻放在心上，继续为国家民族奉献的意愿。诗的后两句则通过比喻和奇特的想象，表达了作者对优秀人才的渴望和对变革的期待。
整首诗富有想象力，构思奇特，带有浪漫主义的色彩。其中“我劝天公重抖擞，不拘一格降人才”也是脍炙人口的名句。",128000
